(0) To what extent do you think the aforementioned description of furries applies to you?,(1) Furry,(2) Scalie,(3) Brony,"(4) In your own words, how would you describe what it means to be a furry?","(5) In your own words, how would you describe what it means to be a furry? [Type]",(6) Artwork of anthropomorphic characters.,(7) Fursuits.,"(8) Furry memes, or memes about the furry fandom.","(9) Videos by furry YouTubers, or videos about the furry fandom.",(10) Stories or fanfiction about furries or anthropomorphic beings.,(11) Games about furries or anthropomorphic beings.,(12) Socializing with furries (whether online or in person).,(13) To what degree do you consider yourself to be part of the furry fandom?,"(14) Overall, would you say that your opinion of the furry fandom is positive or negative?","(15) Overall, would you say that the general public has a positive or negative opinion of the furry fandom?",(16) Do you follow any furry artists on social media?,(17) Do you follow any fursuiters on social media?,(18) Which of the following furry websites do you have an account on?,(19) How often have you accessed the following websites/communities in the past 3 months? [FurAffinity],(20) How often have you accessed the following websites/communities in the past 3 months? [Weasyl],(21) How often have you accessed the following websites/communities in the past 3 months? [SoFurry],(22) How often have you accessed the following websites/communities in the past 3 months? [InkBunny],(23) How often have you accessed the following websites/communities in the past 3 months? [Furry Network],(24) How often have you accessed the following websites/communities in the past 3 months? [e621],(25) How often have you accessed the following websites/communities in the past 3 months? [Furry subreddits],(26) How often have you accessed the following websites/communities in the past 3 months? [Furry Amino groups],(27) How often have you accessed the following websites/communities in the past 3 months? [Furry Discord servers],(28) How often have you accessed the following websites/communities in the past 3 months? [Furry Telegram groups],(29) How often have you accessed the following websites/communities in the past 3 months? [Furry forums],(30) How many friends do you have that are furries?,(31) Have you ever gone to a furry convention?,(32) Do you own a fursuit? (Either full or partial),(33) Do you have a fursona?,Furriness,Has account furry website,Access furry once week
0,,,,,,3,0,5,4,1,1,3,0,3,2,0,0,Don't have an account on any of these websites,0,0,0,0,0,0,0,0,0,0,0,0,0,0,0,17,0,0
,7,2,0,Having at least an interest in anthro animals.,1,7,4,2,2,5,5,3,2,3,2,0,0,FurAffinity;InkBunny;e621,1,0,0,2,0,2,4,0,0,0,0,0,0,1,2,28,1,1
0,,,,,,2,1,3,0,0,1,1,0,3,2,0,0,Don't have an account on any of these websites,0,0,0,0,0,0,0,0,0,0,0,0,0,0,0,8,0,0
0,,,,,,7,3,3,0,4,4,2,0,3,2,0,0,Don't have an account on any of these websites,0,0,0,0,0,0,0,0,0,0,0,0,0,0,0,23,0,0
,10,6,2,Enjoying comics or depictions of anthro animals,1,10,7,9,6,6,10,5,5,8,4,1,0,FurAffinity;InkBunny;e621,4,0,0,4,0,4,3,0,0,0,0,1,1,1,1,53,1,1
,10,5,0,The enjoyment of anthropomorphic creatures,1,10,10,5,7,6,8,10,10,4,3,1,1,FurAffinity;SoFurry;Have an account on another furry website not listed here,3,0,1,0,0,2,2,0,0,4,0,20,2,2,2,56,1,1
0,,,,,,4,4,5,4,4,4,5,0,4,3,0,0,Don't have an account on any of these websites,0,0,0,0,0,0,0,0,0,0,0,0,0,0,0,30,0,0
,10,7,0,"We like Anthropomorphic (with human traits) or Zoomorphic (with animal traits) characters or species, and art or media containing such.",1,10,10,10,9,7,10,9,8,10,4,1,0,Don't have an account on any of these websites,0,0,0,0,0,0,4,0,3,0,0,3,1,1,2,65,0,1
8,,,,,,10,3,5,4,10,7,9,9,7,1,1,0,FurAffinity;Have an account on another furry website not listed here,4,0,0,0,0,0,0,0,4,0,0,0,0,0,2,48,1,1
,8,7,0,"Being a furry means you like to draw pictures of animals, and you like to post these drawings in online communities collectively referred to as ""the furry fandom"".",2,6,3,4,2,5,5,5,2,3,1,1,1,FurAffinity;Have an account on another furry website not listed here,1,1,0,0,0,1,3,1,1,4,2,0,0,0,1,30,1,1
,0,0,0,Someone who likes dressing up on animal costumes or pretending to be animals,"3,4",5,0,3,0,0,0,0,0,3,1,0,0,Don't have an account on any of these websites,0,0,0,0,0,0,0,0,0,0,0,0,0,0,0,8,0,0
,0,0,0,To self identify as one,5,0,0,0,0,0,0,0,0,1,3,0,0,Don't have an account on any of these websites,0,0,0,0,0,0,0,0,0,0,0,0,0,0,0,0,0,0
4,,,,,,7,8,6,7,5,10,5,4,8,4,0,0,Have an account on another furry website not listed here,2,0,0,0,0,2,4,0,0,0,0,0,1,1,1,48,1,1
,6,6,0,Don't know,DK,6,5,5,5,3,8,5,1,8,4,0,0,Don't have an account on any of these websites,0,0,0,0,0,0,0,0,0,0,0,2,0,0,2,37,0,0
,7,5,0,Prefer not to answer,NA,9,8,7,8,5,10,5,4,8,3,0,0,Don't have an account on any of these websites,3,0,0,0,0,3,4,0,0,0,0,0,1,1,1,52,0,1
,8,6,0,Just a goofly lil thing I do,?,9,7,9,4,9,9,7,7,7,4,1,1,e621,0,0,0,0,0,4,4,1,1,0,0,0,1,1,2,54,1,1
0,,,,,,0,0,0,0,0,0,0,0,0,0,0,0,Don't have an account on any of these websites,0,0,0,0,0,0,0,0,0,0,0,0,0,0,0,0,0,0
,10,3,1,Anyone with an interest in anthropomorphic animals.,1,10,10,8,7,10,10,10,10,10,5,1,1,FurAffinity;Weasyl;InkBunny,4,1,0,1,0,2,2,0,2,4,0,20,2,2,2,65,1,1
7,,,,,,9,5,2,2,8,8,5,5,6,1,0,0,Don't have an account on any of these websites,0,0,0,0,0,0,2,0,0,0,0,0,1,0,2,39,0,1
,0,0,0,someone who has an animal persona,6,4,3,3,3,4,5,5,0,4,0,0,0,Don't have an account on any of these websites,0,0,0,0,0,0,0,0,0,0,0,0,0,0,0,27,0,0
8,,,,,,10,10,6,4,8,6,6,7,8,3,1,1,FurAffinity,1,0,0,0,0,4,4,0,0,0,0,0,1,1,1,50,1,1
5,,,,,,10,5,10,10,10,10,10,5,10,5,1,1,Don't have an account on any of these websites,0,0,0,0,0,0,2,0,0,0,0,0,1,1,1,65,0,1
,0,0,0,Prefer not to answer,NA,0,0,0,0,0,0,0,0,0,0,0,0,Don't have an account on any of these websites,0,0,0,0,0,0,0,0,0,0,0,0,0,0,0,0,0,0
,0,0,0,a furry is someone who likes to dress up in fur suits and pretend to be an animal. i used to pretend i was dog. and then i turned 6,"3,4",0,0,0,0,0,0,5,0,4,2,0,0,Don't have an account on any of these websites,0,0,0,0,0,0,0,0,0,0,0,0,0,0,0,5,0,0
0,,,,,,5,3,3,4,5,5,5,0,3,2,0,0,Don't have an account on any of these websites,0,0,0,0,0,0,0,0,0,0,0,1,0,0,0,30,0,0
,8,2,0,A person who enjoys in anthropomorphic animal characters,1,8,7,6,6,5,6,7,4,6,3,1,1,FurAffinity,0,0,0,0,0,0,3,0,2,0,0,12,0,0,2,45,1,1
0,,,,,,6,3,5,3,0,6,5,0,5,2,0,0,Don't have an account on any of these websites,0,0,0,0,0,0,0,0,0,0,0,1,0,0,0,28,0,0
8,,,,,,10,7,7,8,8,8,5,5,6,4,1,1,FurAffinity;SoFurry,4,0,0,0,0,0,0,0,0,0,0,0,0,0,2,53,1,1
10,,,,,,10,10,10,9,10,10,8,8,9,3,0,0,FurAffinity;e621,1,0,0,0,0,2,4,0,0,2,0,5,1,1,2,67,1,1
10,,,,,,10,10,10,10,10,10,10,10,8,3,1,1,FurAffinity;InkBunny;e621;Have an account on another furry website not listed here,3,0,0,2,0,4,4,0,3,0,2,4,1,1,2,70,1,1
0,,,,,,0,0,0,0,0,0,0,0,0,0,0,0,Don't have an account on any of these websites,0,0,0,0,0,0,0,0,0,0,0,0,0,0,0,0,0,0
,0,0,0,Don't know,DK,0,0,0,0,0,0,0,0,2,1,0,0,Don't have an account on any of these websites,0,0,0,0,0,0,0,0,0,0,0,0,0,0,0,0,0,0
,7,5,8,Someone who has an appreciation for anthro character. At the very base that is what a furry is.,1,10,10,6,3,1,6,5,4,8,5,1,1,FurAffinity,0,0,0,0,0,0,0,0,0,0,0,1,1,1,2,41,1,0
10,,,,,,10,10,5,5,10,10,10,10,10,0,1,0,e621,0,0,0,0,0,4,0,0,0,0,0,1,1,1,1,60,1,1
0,,,,,,0,0,1,0,0,0,0,0,2,0,0,0,Don't have an account on any of these websites,0,0,0,0,0,0,0,0,0,0,0,0,0,0,0,1,0,0
0,,,,,,6,5,7,7,3,5,5,0,8,3,0,0,Don't have an account on any of these websites,0,0,0,0,0,0,0,0,0,0,0,0,0,0,0,38,0,0
5,,,,,,8,2,7,5,5,6,5,3,10,3,1,0,Don't have an account on any of these websites,0,0,0,0,0,0,0,0,0,0,0,1,1,0,0,38,0,0
,6,2,0,You are a fan of anthropomorphic animals,1,8,7,8,5,5,5,5,6,8,2,1,0,FurAffinity,0,0,0,0,0,0,0,0,0,0,0,1,0,0,2,43,1,0
9,,,,,,10,9,7,6,10,7,8,6,6,3,1,1,FurAffinity;SoFurry;e621,4,0,1,0,0,1,4,0,3,0,0,2,1,1,2,57,1,1
0,,,,,,5,5,5,5,5,5,8,0,8,5,0,0,Don't have an account on any of these websites,0,0,0,0,0,0,0,0,0,0,0,2,0,0,0,38,0,0
6,,,,,,10,8,8,5,9,9,5,5,7,3,0,0,FurAffinity;e621,1,0,0,0,0,3,3,0,1,0,0,0,1,1,1,54,1,1
,8,0,0,"For me, creating animal characters that have human characteristics… for example dogs who can cook. Being a furry is generally seen as being sexualized but really dogs are just easier to draw than people",1,7,5,10,0,5,0,5,1,6,0,1,0,FurAffinity;Weasyl;Have an account on another furry website not listed here,1,1,0,0,0,0,0,0,4,0,4,20,0,0,2,32,1,1
,6,6,10,Don't know,DK,3,7,7,5,9,8,5,5,9,3,0,0,Don't have an account on any of these websites,0,0,0,0,0,0,0,0,0,0,0,0,0,1,1,44,0,0
,8,8,1,Fan of anthrophomorphic creatures(not just animals) / person of the furry fandom as much as it sucks,1,9,10,7,7,5,6,8,6,7,2,1,1,e621,0,0,0,0,0,3,4,0,0,3,1,0,1,1,2,52,1,1
8,,,,,,9,6,8,7,9,9,7,5,6,3,1,0,FurAffinity;e621,4,0,0,0,0,4,4,0,1,1,0,2,1,1,1,55,1,1
,0,4,0,Prefer not to answer,NA,1,0,5,8,5,6,9,0,9,3,1,0,Don't have an account on any of these websites,0,0,0,0,0,0,0,0,0,0,0,2,0,0,0,34,0,0
4,,,,,,7,2,6,2,9,9,6,3,7,2,0,0,SoFurry,0,0,0,0,0,1,0,0,0,0,0,0,0,0,0,41,1,0
,8,1,3,people liking/working on certain kind of art that include or is made of anthro characters,1,8,3,4,5,7,8,7,7,2,1,0,0,FurAffinity,1,0,0,0,0,0,2,0,1,0,0,0,0,0,2,42,1,1
8,,,,,,9,8,6,3,4,7,7,6,8,4,1,0,FurAffinity,1,0,0,0,0,0,0,0,1,0,0,5,2,0,1,44,1,0
1,,,,,,6,1,5,0,0,2,0,1,4,0,0,0,Don't have an account on any of these websites,0,0,0,0,0,0,0,0,0,0,0,0,0,0,0,14,0,0
,6,7,2,Don't know,DK,7,5,9,7,7,6,5,3,8,6,1,0,e621,1,0,0,0,0,4,4,0,2,0,0,0,0,0,1,46,1,1
,0,0,0,Prefer not to answer,NA,2,0,4,0,3,3,1,0,3,4,0,0,Don't have an account on any of these websites,0,0,0,0,0,0,0,0,0,0,0,0,0,0,0,13,0,0
0,,,,,,5,3,3,3,3,3,5,0,6,0,0,0,Don't have an account on any of these websites,0,0,0,0,0,0,0,0,0,0,0,3,0,0,0,25,0,0
,0,0,0,a furry is someone who enjoys LAARPing as a furry animal,4,5,4,3,1,5,5,5,0,4,3,0,0,Don't have an account on any of these websites,0,0,0,0,0,0,0,0,0,0,0,1,0,0,2,28,0,0
3,,,,,,3,5,8,1,0,1,1,0,3,3,0,0,Don't have an account on any of these websites,0,0,0,0,0,0,0,0,0,0,0,0,0,0,0,19,0,0
,0,0,0,"Identifying with an animal, making a fursona, costume elements of preferred animal","3,6,7",1,0,0,0,0,0,0,0,0,0,0,0,Don't have an account on any of these websites,0,0,0,0,0,0,0,0,0,0,0,1,0,0,0,1,0,0
0,,,,,,2,0,1,5,0,3,5,0,5,1,0,0,Don't have an account on any of these websites,0,0,0,0,0,0,0,0,0,0,0,1,0,0,0,16,0,0
,6,7,6,Prefer not to answer,NA,7,3,5,5,7,7,5,0,5,1,1,0,Don't have an account on any of these websites,0,0,0,0,0,2,3,0,0,0,0,2,0,0,1,39,0,1
7,,,,,,8,5,2,5,6,6,5,8,6,3,0,0,Don't have an account on any of these websites,2,3,0,0,0,0,3,0,0,0,1,7,0,0,2,37,0,1
,10,4,0,Prefer not to answer,NA,10,10,8,8,10,10,10,10,10,7,0,0,FurAffinity;e621,1,0,0,0,0,2,2,0,0,0,0,1,1,1,1,66,1,1
,10,4,0,Prefer not to answer,NA,10,10,8,8,10,10,10,10,10,7,0,0,FurAffinity;e621,1,0,0,0,0,2,2,0,0,0,0,1,1,1,1,66,1,1
,0,0,0,Someone who imagines identifies as being an animal or is sexually attracted to people identify identifying as animals,"7,8",5,2,2,2,2,5,3,0,2,0,0,0,Don't have an account on any of these websites,0,0,0,0,0,0,0,0,0,0,0,0,0,0,0,21,0,0
8,,,,,,10,5,7,8,9,10,5,8,9,4,0,0,FurAffinity,1,0,0,0,0,2,2,0,0,0,1,0,1,0,2,54,1,1
,0,0,0,Don't know,DK,1,0,1,2,2,0,2,0,2,1,0,0,Don't have an account on any of these websites,0,0,0,0,0,0,0,0,0,0,0,0,0,0,0,8,0,0
8,,,,,,9,7,9,2,6,9,7,7,8,4,1,0,FurAffinity;SoFurry;InkBunny;e621,4,1,1,2,0,2,1,0,0,0,0,0,2,0,1,49,1,1
,10,5,5,Don't know,DK,10,10,5,10,5,5,10,10,6,5,1,1,FurAffinity;InkBunny;Have an account on another furry website not listed here,1,0,0,1,0,1,2,4,4,4,0,20,1,1,1,55,1,1
8,,,,,,10,7,7,5,5,6,5,7,6,3,1,0,Don't have an account on any of these websites,0,0,0,0,0,0,2,0,0,0,0,0,0,0,0,45,0,1
5,,,,,,10,6,8,5,5,10,5,7,8,5,0,0,Don't have an account on any of these websites,3,0,0,0,0,0,4,0,0,0,0,0,1,0,2,49,0,1
9,,,,,,8,6,5,5,8,8,6,2,7,3,1,1,FurAffinity,1,0,0,0,0,1,1,0,0,0,0,0,0,0,2,46,1,0
,6,2,1,Don't know,DK,9,8,10,6,2,2,2,6,10,7,1,1,FurAffinity,1,0,0,0,0,1,4,0,1,0,0,0,1,1,1,39,1,1
2,,,,,,8,6,6,6,1,3,5,1,9,2,0,0,Don't have an account on any of these websites,0,0,0,0,0,0,2,0,0,0,0,0,0,0,0,35,0,1
,8,0,0,Having more than a passing interest in art involving anthropomorphic animals,1,9,6,7,6,8,8,7,7,8,3,1,1,FurAffinity;Have an account on another furry website not listed here,1,1,1,1,0,3,4,0,3,2,3,2,1,1,2,51,1,1
9,,,,,,9,7,6,3,4,8,5,8,8,3,1,1,FurAffinity;Have an account on another furry website not listed here,1,0,0,0,0,3,1,0,1,0,0,10,2,1,2,42,1,1
,6,0,0,I like anthropomorphic characters. Like Beastars and Zootopia are my shit.,1,7,5,7,5,8,7,4,2,8,4,0,0,Don't have an account on any of these websites,0,0,0,0,0,0,0,0,0,0,0,0,1,0,0,43,0,0
,0,0,0,Liking things with fur,10,7,1,1,1,0,0,0,0,3,3,0,0,Don't have an account on any of these websites,0,0,0,0,0,0,0,0,0,0,0,0,0,0,0,10,0,0
0,,,,,,5,5,7,5,2,7,7,0,8,3,0,1,Don't have an account on any of these websites,0,0,0,0,0,0,0,0,0,0,0,2,1,0,0,38,0,0
7,,,,,,10,5,7,6,6,10,7,7,9,0,0,0,FurAffinity;InkBunny;e621;Have an account on another furry website not listed here,1,0,0,1,0,1,3,0,0,0,1,0,1,0,2,51,1,1
,0,0,0,Don't know,DK,4,2,4,1,3,0,2,0,7,3,0,0,Don't have an account on any of these websites,0,0,0,0,0,0,0,0,0,0,0,1,0,0,0,16,0,0
,7,1,0,Prefer not to answer,NA,10,7,4,2,10,9,9,5,5,5,1,1,FurAffinity;SoFurry,1,0,3,0,0,2,4,0,3,0,0,1,1,1,1,51,1,1
,0,0,0,Prefer not to answer,NA,3,2,5,5,2,4,5,0,3,3,0,0,Don't have an account on any of these websites,0,0,0,0,0,0,0,0,0,0,0,0,0,0,0,26,0,0
1,,,,,,7,3,5,6,8,9,5,0,5,3,1,0,Don't have an account on any of these websites,0,0,0,0,0,1,2,0,0,0,0,0,0,0,0,43,0,1
,7,9,0,people who appreciate anthros,1,10,1,9,7,6,9,9,5,4,1,1,0,Have an account on another furry website not listed here,0,0,0,0,0,0,0,0,1,0,0,0,1,0,2,51,1,0
10,,,,,,10,10,10,10,10,10,7,10,8,6,1,1,FurAffinity,1,0,0,0,0,0,2,1,0,0,0,0,1,2,2,67,1,1
,0,0,0,"Someone who identifies as being or having characteristics of an animal, often (but not always) in a sexual way.",7,5,2,2,2,2,2,4,0,5,2,0,0,Don't have an account on any of these websites,0,0,0,0,0,0,0,0,0,0,0,0,0,0,0,19,0,0
0,,,,,,3,4,5,2,5,3,2,0,2,3,0,0,Don't have an account on any of these websites,0,0,0,0,0,0,0,0,0,0,0,0,0,0,0,24,0,0
10,,,,,,10,6,10,9,8,9,6,7,8,5,0,0,Don't have an account on any of these websites,0,0,0,0,0,4,4,0,0,0,0,0,0,0,2,58,0,1
1,,,,,,8,7,10,5,5,8,5,0,7,3,0,0,Don't have an account on any of these websites,0,0,0,0,0,0,0,0,0,0,0,0,0,0,0,48,0,0
,6,0,0,Don't know,DK,8,8,7,6,5,7,4,3,3,5,0,0,Don't have an account on any of these websites,1,1,1,1,1,1,1,1,1,1,1,2,1,1,0,45,0,0
,8,7,3,Liking media with anthropomorphic animals.,1,9,5,7,10,10,10,7,7,5,2,0,0,FurAffinity,1,0,0,0,0,0,2,0,0,0,0,0,1,0,2,58,1,1
,0,0,0,Prefer not to answer,NA,0,0,0,0,0,0,0,0,0,2,0,0,Don't have an account on any of these websites,0,0,0,0,0,0,0,0,0,0,0,0,0,0,0,0,0,0
5,,,,,,7,6,6,5,6,6,5,3,5,3,1,0,Don't have an account on any of these websites,0,0,0,0,0,0,1,0,0,0,0,0,0,0,0,41,0,0
8,,,,,,10,8,9,7,5,9,7,8,7,4,1,1,FurAffinity;InkBunny;e621,2,0,0,1,0,2,2,0,1,1,0,2,1,1,2,55,1,1
0,,,,,,9,5,4,5,4,4,4,0,3,2,0,0,Don't have an account on any of these websites,0,0,0,0,0,0,0,0,0,0,0,0,0,0,0,35,0,0
,10,0,0,"Likes anthropomorphic characters, typically has one of their own ",1,10,8,6,2,2,10,5,6,7,2,1,1,FurAffinity,1,0,0,0,0,2,0,0,0,0,0,6,1,1,2,43,1,1
5,,,,,,6,5,5,7,5,7,8,7,5,4,0,0,Don't have an account on any of these websites,0,0,0,0,0,0,2,0,0,0,0,1,0,1,2,43,0,1
,3,2,0,Prefer not to answer,NA,6,2,6,5,6,6,7,0,5,2,1,0,Don't have an account on any of these websites,0,0,0,0,0,0,1,0,0,0,0,2,0,0,0,38,0,0
1,,,,,,2,0,0,0,0,0,0,0,5,2,0,0,Don't have an account on any of these websites,0,0,0,0,0,0,0,0,0,0,0,0,0,0,0,2,0,0
,10,1,1,Prefer not to answer,NA,10,10,8,8,5,5,10,10,8,3,1,1,FurAffinity;Weasyl;SoFurry;InkBunny;e621,4,0,0,0,0,3,4,0,0,4,0,20,2,2,2,56,1,1
,9,8,2,"Some that is passionate about animal people, and that also describes themselves as a furry","1,5",10,10,10,8,10,9,10,9,8,4,1,0,Don't have an account on any of these websites,0,0,0,0,0,0,3,0,4,0,0,5,1,1,2,67,0,1
,0,0,0,"I let my stepmom try on my fox fursuit (blue) once, and she farted in it",?,0,0,0,0,0,0,0,0,0,0,0,0,Don't have an account on any of these websites,0,0,0,0,0,0,0,0,0,0,0,0,0,0,0,0,0,0
,7,10,2,"You're into either animated animals, drawn animals, or people wearing fur suits.","1,2,3",10,0,10,8,10,9,5,6,5,2,0,0,e621,0,0,0,0,0,2,1,0,0,0,0,0,0,0,0,52,1,1
,0,0,0,Don't know,DK,2,0,0,0,0,0,0,0,0,0,0,0,Don't have an account on any of these websites,0,0,0,0,0,0,0,0,0,0,0,0,0,0,0,2,0,0
,10,5,0,Love or interest for anthropomorphic animals,1,10,6,8,8,10,10,8,10,8,3,0,0,Don't have an account on any of these websites,2,2,2,2,2,2,3,0,0,0,0,1,1,0,1,60,0,1
1,,,,,,6,0,2,1,1,5,3,0,2,0,0,0,Don't have an account on any of these websites,0,0,0,0,0,0,0,0,0,0,0,0,0,0,0,18,0,0
,9,0,0,Liking anthropomorphic animals,1,10,10,8,7,6,7,5,7,7,2,1,1,e621,0,0,0,0,0,1,2,0,1,0,0,0,1,0,1,53,1,1
1,,,,,,3,2,3,3,2,3,6,0,6,3,0,0,Don't have an account on any of these websites,0,0,0,0,0,0,0,0,0,0,0,0,0,0,0,22,0,0
,10,9,7,A person who enjoys the styling of anthropomorphic creatures.,1,10,10,10,10,10,10,8,10,9,5,0,0,FurAffinity;SoFurry;InkBunny,1,0,3,2,3,0,3,0,0,0,0,0,1,1,2,68,1,1
10,,,,,,9,3,10,8,9,7,8,8,6,4,1,0,Don't have an account on any of these websites,0,0,0,0,0,0,4,0,4,0,0,0,1,0,2,54,0,1
,0,0,0,Don't know,DK,5,4,3,4,2,3,5,0,2,1,0,0,Don't have an account on any of these websites,0,0,0,0,0,0,0,0,0,0,0,1,0,0,0,26,0,0
9,,,,,,10,10,10,8,8,8,8,7,6,3,0,0,FurAffinity;e621,2,0,0,0,0,3,4,0,4,0,0,1,1,1,2,62,1,1
,10,2,0,Prefer not to answer,NA,10,10,8,7,5,8,9,10,8,4,1,1,FurAffinity;SoFurry;InkBunny;e621,4,0,1,1,0,4,4,1,3,0,0,3,1,1,2,57,1,1
6,,,,,,9,7,8,5,6,8,7,6,4,3,0,0,FurAffinity;e621,1,0,0,0,0,3,4,3,2,0,0,7,1,1,2,50,1,1
,0,0,2,Don't know,DK,7,5,4,2,6,10,10,0,5,0,0,0,FurAffinity,1,0,0,0,0,0,0,0,0,0,0,0,0,0,0,44,1,0
8,,,,,,10,9,10,7,6,8,9,7,6,5,1,1,Don't have an account on any of these websites,0,0,0,0,0,2,2,0,1,2,0,3,1,1,2,59,0,1
1,,,,,,3,2,4,1,2,5,5,0,3,1,0,0,Don't have an account on any of these websites,0,0,0,0,0,0,0,0,0,0,0,3,0,0,0,22,0,0
10,,,,,,9,8,10,8,9,8,7,9,7,3,1,1,Don't have an account on any of these websites,1,0,0,0,0,0,2,1,2,0,1,1,1,1,2,59,0,1
5,,,,,,7,4,7,6,8,6,8,4,7,3,1,0,Don't have an account on any of these websites,1,0,0,0,0,1,2,0,0,0,0,3,0,0,1,46,0,1
9,,,,,,8,7,8,5,7,8,5,9,5,2,0,0,Don't have an account on any of these websites,2,0,0,0,0,0,0,0,0,0,0,3,1,1,2,48,0,1
,8,0,0,someone who likes anthros,1,9,8,10,10,9,8,7,7,5,0,0,0,Don't have an account on any of these websites,3,0,1,2,1,3,3,0,0,0,2,0,1,1,1,61,0,1
,10,8,0,A furry is someone who either enjoys art or portraying the character of an anthropomorphic animal.,1,10,10,10,5,5,8,9,8,7,4,1,1,FurAffinity,1,0,0,0,0,0,4,0,0,0,0,3,1,1,2,57,1,1
,8,8,1,A person who is a fan of anthropomorphic animals,1,9,5,7,6,8,7,5,7,7,3,1,0,e621,0,0,0,0,0,3,4,0,0,0,0,0,0,0,2,47,1,1
10,,,,,,10,10,10,9,10,10,10,10,10,3,1,0,FurAffinity;Furry Network;e621,1,0,0,0,0,3,3,1,2,0,1,1,1,1,2,69,1,1
,10,5,1,Being furry means to enjoy anthropomorphic animal characters.,1,10,5,10,8,8,8,6,3,4,3,1,0,FurAffinity;e621,1,0,0,0,0,2,1,0,2,0,0,4,1,0,2,55,1,1
2,,,,,,5,5,4,4,3,5,5,0,9,4,0,0,Don't have an account on any of these websites,0,0,0,0,0,0,0,0,0,0,0,1,0,0,0,31,0,0
1,,,,,,7,3,3,2,1,7,5,0,3,0,1,0,Don't have an account on any of these websites,0,0,0,0,0,0,0,0,0,0,0,1,0,0,0,28,0,0
6,,,,,,10,7,9,5,5,8,7,7,9,0,0,0,FurAffinity;e621,4,0,0,0,0,4,4,0,4,0,0,4,0,1,2,51,1,1
,10,0,0,Don't know,DK,10,10,10,10,10,10,10,5,5,0,1,1,FurAffinity;InkBunny;e621;Have an account on another furry website not listed here,1,0,0,1,0,4,4,0,4,0,0,20,1,1,2,70,1,1
7,,,,,,9,9,10,9,6,8,6,9,8,3,1,1,Have an account on another furry website not listed here,0,0,0,0,0,0,3,0,3,0,1,0,1,1,1,57,1,1
,8,0,0,Prefer not to answer,NA,10,8,4,7,7,4,5,6,7,4,0,0,Don't have an account on any of these websites,0,0,0,0,0,0,3,0,0,0,0,0,0,0,0,45,0,1
1,,,,,,5,3,1,1,2,2,7,2,2,2,0,0,Don't have an account on any of these websites,1,0,0,0,0,1,1,0,1,0,0,12,0,0,0,21,0,0
,10,7,2,Don't know,DK,10,8,10,9,9,10,9,8,8,6,1,0,FurAffinity;e621;Have an account on another furry website not listed here,1,0,0,0,0,1,2,0,2,2,0,4,1,1,2,65,1,1
10,,,,,,10,10,10,10,10,10,10,10,10,3,1,1,FurAffinity;SoFurry;e621;Have an account on another furry website not listed here,1,0,0,2,1,2,3,0,3,1,2,20,1,1,2,70,1,1
1,,,,,,6,8,5,5,4,7,5,0,9,3,0,0,Don't have an account on any of these websites,0,0,0,0,0,0,0,0,0,0,0,0,0,0,0,40,0,0
8,,,,,,8,7,5,3,1,5,7,7,8,6,1,1,e621,1,1,1,1,1,4,2,1,1,2,1,3,2,0,2,36,1,1
10,,,,,,10,10,10,7,10,10,10,10,8,2,0,0,e621,0,0,0,0,0,3,2,0,4,1,1,20,1,1,2,67,1,1
8,,,,,,9,10,7,5,8,8,9,8,9,2,1,1,FurAffinity;e621,2,0,0,0,0,1,4,1,3,0,3,20,2,2,2,56,1,1
,9,7,0,Liking anthropomorphic animals,1,7,7,3,3,5,9,5,6,5,3,0,0,e621,0,0,0,0,0,4,4,0,0,0,0,1,0,1,2,39,1,1
0,,,,,,4,0,0,0,0,0,0,0,0,1,0,0,Don't have an account on any of these websites,0,0,0,0,0,0,0,0,0,0,0,0,0,0,0,4,0,0
7,,,,,,9,1,2,0,5,8,3,1,1,3,1,0,FurAffinity;Have an account on another furry website not listed here,1,0,0,0,0,2,1,1,1,1,1,3,0,0,2,28,1,1
6,,,,,,10,2,8,5,10,10,7,3,7,3,1,0,Don't have an account on any of these websites,0,0,0,0,0,0,2,0,2,0,0,0,0,0,1,52,0,1
,10,0,0,Prefer not to answer,NA,10,10,10,10,5,8,10,10,8,2,1,1,FurAffinity;Weasyl;SoFurry;InkBunny;e621,2,0,0,0,0,1,2,0,0,0,2,4,1,1,2,63,1,1
8,,,,,,10,6,8,5,3,8,8,6,8,2,1,0,Don't have an account on any of these websites,1,0,0,0,1,2,4,0,4,0,1,3,1,1,2,48,0,1
,10,2,7,"To really love anthro characters, in a way I kinda feel like to call yourself a furry you have to consider yourself within the fandom in one way or another (e.g have a fursona)","1,5",10,10,10,8,4,6,9,10,9,3,1,1,FurAffinity;e621,1,0,0,0,0,2,4,1,0,0,3,1,1,2,2,57,1,1
,10,0,0,"Someone who has an interest in Anthropomorphic animals and ""goes deeper"" into that interest ",1,10,8,5,6,9,10,9,8,6,4,1,1,Don't have an account on any of these websites,0,0,0,0,0,0,2,0,2,0,0,5,1,1,2,57,0,1
5,,,,,,10,3,0,4,10,10,6,7,2,0,1,0,FurAffinity,4,0,0,0,0,1,4,0,1,4,0,8,0,0,2,43,1,1
10,,,,,,10,10,8,8,10,9,8,10,10,5,1,1,FurAffinity;e621,1,0,0,0,0,2,4,1,4,3,0,0,1,1,2,63,1,1
9,,,,,,10,7,6,5,8,8,0,5,3,3,1,0,FurAffinity;e621,3,0,0,0,0,4,4,0,0,0,0,5,0,0,1,44,1,1
8,,,,,,9,7,6,5,9,9,7,3,5,2,1,1,Have an account on another furry website not listed here,0,0,0,0,0,0,4,0,4,1,1,20,2,0,1,52,1,1
8,,,,,,9,8,9,7,7,9,9,8,6,6,1,1,FurAffinity;e621,1,0,0,0,0,4,4,1,4,2,0,20,1,1,2,58,1,1
8,,,,,,10,8,10,9,10,10,9,8,10,3,1,1,FurAffinity;e621;Have an account on another furry website not listed here,2,0,0,0,0,2,4,0,3,0,1,2,1,1,2,66,1,1
6,,,,,,9,7,7,5,6,6,7,3,4,5,1,0,FurAffinity,3,0,0,0,0,2,4,0,1,0,0,5,1,1,1,47,1,1
,9,10,4,Liking anthropomorphized animals.,1,10,6,4,5,5,10,7,4,6,2,1,1,FurAffinity;e621,1,0,0,0,0,3,3,0,1,0,0,2,1,1,2,47,1,1
9,,,,,,8,7,10,7,2,7,5,6,2,6,1,1,FurAffinity;Have an account on another furry website not listed here,3,0,0,0,0,0,0,0,1,0,0,3,1,0,2,46,1,1
,10,10,0,Don't know,DK,10,5,6,5,5,10,10,4,4,2,1,1,Don't have an account on any of these websites,0,0,0,0,0,0,4,0,0,0,0,4,1,1,2,51,0,1
7,,,,,,8,6,5,5,6,7,7,7,6,6,0,0,FurAffinity;Furry Network,2,0,0,0,0,3,3,0,3,0,0,1,0,0,0,44,1,1
8,,,,,,10,6,7,5,9,8,7,8,7,2,0,0,Have an account on another furry website not listed here,0,0,0,0,0,0,4,4,3,0,0,0,0,0,2,52,1,1
0,,,,,,4,0,0,0,0,0,0,0,3,0,0,0,Don't have an account on any of these websites,0,0,0,0,0,0,0,0,0,0,0,0,0,0,0,4,0,0
,10,5,0,Don't know,DK,10,10,5,3,10,10,6,6,7,5,1,1,FurAffinity;Have an account on another furry website not listed here,1,0,0,0,0,2,2,0,2,1,1,20,1,1,2,54,1,1
,6,10,0,"Being a furry means that you are someone who associates with a community of people who consume anthropomorphic animal characters, But also it's a label that you choose, meaning you can be a non furry while also still being an equal partner in the community (however, some people may be excluded from this right mostly if they are either a pedo/zoophile, as they are not welcome here)",5,9,9,5,7,8,9,8,7,7,1,1,1,FurAffinity,3,0,0,0,0,0,2,0,1,0,0,7,1,1,2,55,1,1
,7,9,0,Don't know,1,8,7,5,4,6,8,5,5,4,2,1,1,Don't have an account on any of these websites,1,0,0,0,0,4,1,0,3,0,0,8,1,1,2,43,0,1
10,,,,,,8,7,8,6,9,10,5,7,7,3,1,1,FurAffinity,1,0,0,0,0,1,4,0,0,0,0,1,1,1,2,53,1,1
,10,6,0,liking the fandom and the furry art. but even if you like both you don't have to consider yourself as a furry,1,10,8,9,3,9,10,6,7,6,6,1,0,Don't have an account on any of these websites,0,0,0,0,0,4,4,0,3,0,0,0,1,1,2,55,0,1
10,,,,,,10,7,10,5,10,10,9,7,6,3,1,1,FurAffinity;InkBunny;e621,4,0,1,1,0,4,4,0,4,0,0,0,1,0,2,61,1,1
,8,0,0,Someone who like anthropomorphic animals,1,10,7,9,6,4,6,7,7,9,7,0,0,FurAffinity;e621,3,0,0,0,0,4,4,0,0,0,0,1,0,0,2,49,1,1
8,,,,,,10,4,10,5,7,7,9,3,3,0,1,0,Don't have an account on any of these websites,0,0,0,0,0,0,4,0,4,0,0,20,0,0,2,52,0,1
,0,0,0,Being a dog fucker,9,0,0,0,0,0,0,0,0,0,0,0,0,Have an account on another furry website not listed here,0,0,0,0,0,0,0,0,0,0,0,1,0,0,0,0,1,0
8,,,,,,10,3,0,7,7,8,4,3,4,0,1,0,FurAffinity;Weasyl;InkBunny;e621,2,1,0,1,0,1,1,0,0,0,0,5,0,0,2,39,1,1
,5,0,0,Don't know,DK,8,10,0,7,5,7,6,8,0,0,1,1,Have an account on another furry website not listed here,0,0,0,0,0,0,2,0,3,3,0,20,2,2,2,43,1,1
,1,3,0,Don't know,DK,5,2,1,3,0,3,5,0,5,3,0,0,Don't have an account on any of these websites,0,0,0,0,0,1,0,0,0,0,0,0,0,0,0,19,0,0
,8,0,0,Prefer not to answer,NA,7,5,7,5,5,5,5,6,6,4,0,0,Don't have an account on any of these websites,0,0,0,0,0,0,3,0,4,0,0,0,0,0,2,39,0,1
,9,7,0,Prefer not to answer,NA,9,6,7,5,9,8,5,8,6,3,0,0,FurAffinity,3,0,0,0,0,1,4,0,0,0,0,0,1,1,2,49,1,1
,6,1,0,"Anthropomorphic animal enthusiast, particularly toward mammals.",1,10,5,2,4,3,3,6,3,6,3,0,0,Don't have an account on any of these websites,0,0,0,0,0,4,1,0,3,0,0,0,0,0,1,33,0,1
,7,7,0,"People who just love art and animals, and find a way to portray their emotions using said art and likings for animals, such as fursonas.",1,6,5,3,4,7,6,8,6,4,2,0,0,e621,0,0,1,0,0,1,1,0,0,4,0,10,1,1,1,39,1,1
,10,7,0,A furry is someone who is both interested in anthropomorphic animals/humanoids with animal characteristics and is OK with calling themself a furry.,"1,5",10,5,3,5,10,10,5,3,6,4,1,0,e621,1,0,0,0,0,4,3,0,1,0,0,1,1,0,1,48,1,1
,6,2,6,Liking anthropomorphic characters,1,8,7,8,8,9,8,8,3,6,4,0,0,FurAffinity,0,0,0,0,0,3,4,0,0,0,0,2,1,0,1,56,1,1
,7,0,0,looking at art of anthropomorphical animals,1,10,7,4,3,0,9,4,6,3,0,1,1,Don't have an account on any of these websites,1,0,0,0,0,2,3,0,3,0,0,2,1,1,1,37,0,1
,6,2,5,Don't know,DK,8,5,10,10,5,6,3,5,6,4,1,1,Don't have an account on any of these websites,0,0,0,0,0,1,1,0,0,0,0,2,0,0,0,47,0,0
,10,4,0,"Personally, i think a furry is someone who likes anthropomorphic animals as a concept all together and wants to be in a space where they can meet people with similar interest",1,10,9,5,5,7,6,8,8,9,0,1,0,FurAffinity,1,0,0,0,0,1,4,0,0,0,0,3,1,1,2,50,1,1
,9,6,0,Don't know,DK,9,10,9,4,1,4,7,5,7,3,1,1,FurAffinity;e621,4,0,0,0,0,2,4,0,4,4,0,20,2,2,2,44,1,1
,0,0,0,someone who wants to wear a fursuit idk,3,2,0,0,0,0,0,1,0,2,0,0,0,Don't have an account on any of these websites,0,0,0,0,0,0,0,0,0,0,0,0,0,0,0,3,0,0
,1,1,1,Don't know,DK,5,5,5,5,5,5,5,0,3,2,0,0,Don't have an account on any of these websites,0,0,0,0,0,0,0,0,0,0,0,0,0,0,0,35,0,0
1,,,,,,4,2,4,2,3,2,5,0,5,2,0,0,Don't have an account on any of these websites,0,0,0,0,0,0,1,0,0,0,0,0,0,0,0,22,0,0
,10,0,0,Having an interest in anthropomorphic animal characters with human personalities and characteristics,1,10,10,7,5,7,10,10,10,6,5,1,1,FurAffinity;e621,2,0,0,0,0,1,1,0,4,3,0,20,1,1,2,59,1,1
4,,,,,,10,6,4,6,7,10,3,3,4,1,1,0,Have an account on another furry website not listed here,1,2,0,0,0,0,4,0,4,0,0,1,0,0,1,46,1,1
7,,,,,,10,7,9,6,7,8,7,6,5,3,1,1,Don't have an account on any of these websites,1,0,0,0,0,1,0,1,1,1,0,6,1,1,2,54,0,0
,10,0,0,It means having an interest and relate to the comunity itself,5,10,10,10,8,4,10,8,9,8,3,1,1,FurAffinity;e621,4,0,1,0,0,3,2,0,1,3,0,3,2,1,2,60,1,1
10,,,,,,10,5,6,4,4,10,10,10,5,2,1,1,FurAffinity,4,0,0,0,0,0,3,3,4,2,1,0,1,1,2,49,1,1
,6,0,0,Someone that is specifically interested in anthropomorphic animals,1,9,5,2,3,6,7,5,2,4,5,0,0,Don't have an account on any of these websites,0,0,0,0,0,0,2,0,0,0,0,0,0,0,0,37,0,1
10,,,,,,10,9,9,6,10,10,3,3,5,5,1,0,FurAffinity;Weasyl;e621,1,0,0,0,0,3,4,0,1,1,0,0,2,1,2,57,1,1
,0,0,0,if you like dressing up (and maybe roleplay) as some kind of furry creature (real or imaginary),"3,4",5,5,5,5,5,5,5,0,8,2,0,0,Don't have an account on any of these websites,0,0,0,0,0,0,0,0,0,0,0,0,0,0,0,35,0,0
6,,,,,,10,5,4,5,10,9,6,6,5,4,1,0,Have an account on another furry website not listed here,3,0,0,0,0,2,2,0,0,0,0,0,0,0,2,49,1,1
,8,5,7,Don't know,DK,8,7,7,8,9,8,7,9,7,4,1,1,FurAffinity;Have an account on another furry website not listed here,1,0,0,0,0,0,2,0,1,0,1,0,1,0,2,54,1,1
0,,,,,,10,7,0,0,5,9,4,0,3,1,0,0,Don't have an account on any of these websites,0,0,0,0,0,0,0,0,0,0,0,0,0,0,0,35,0,0
,8,5,6,"interest in anthropomorphized animals, I also include humans with animal features - catgirls",1,3,5,5,5,2,5,5,3,5,3,0,0,Don't have an account on any of these websites,0,0,0,0,0,0,0,0,0,0,0,1,0,0,0,30,0,0
0,,,,,,8,6,8,5,6,6,5,2,8,4,0,0,Don't have an account on any of these websites,0,0,0,0,0,0,1,0,0,0,0,0,0,0,0,44,0,0
,0,0,0,Dumb,?,4,0,0,0,0,0,0,0,0,3,0,0,Don't have an account on any of these websites,0,0,0,0,0,0,0,0,0,0,0,0,0,0,0,4,0,0
7,,,,,,9,4,6,1,5,10,2,2,6,0,0,0,Don't have an account on any of these websites,0,0,0,0,0,1,1,0,1,0,0,0,1,0,0,37,0,0
,9,3,0,people that likes anthromophic animals,1,9,9,9,7,9,9,9,10,8,4,1,1,FurAffinity;Weasyl,1,1,1,1,1,1,3,1,1,1,1,12,2,1,2,61,1,1
10,,,,,,10,10,5,7,5,6,5,2,8,3,0,0,FurAffinity;e621,1,0,0,0,0,4,4,0,1,0,0,0,1,1,1,48,1,1
,8,5,0,Being a furry means that you take interest in anthropomorphic animals and consider yourself a part of a community or fandom that follows that theme.,"1,5",9,5,4,2,4,4,5,4,3,3,1,0,Don't have an account on any of these websites,0,0,0,0,0,0,2,0,3,0,0,5,0,0,2,33,0,1
7,,,,,,10,5,5,5,5,5,5,6,5,2,0,0,FurAffinity,1,0,0,0,0,1,3,0,0,0,2,1,1,0,2,40,1,1
,7,1,1,Don't know,DK,9,3,2,2,9,9,2,6,7,4,1,0,FurAffinity;e621,2,0,0,0,0,2,2,0,0,0,0,0,0,0,1,36,1,1
5,,,,,,8,2,5,2,7,7,5,5,5,0,0,0,FurAffinity,2,0,0,0,0,3,3,0,0,2,1,0,0,0,1,36,1,1
,7,0,4,Prefer not to answer,NA,9,4,7,8,4,5,7,1,7,3,0,0,Don't have an account on any of these websites,0,0,0,0,0,0,1,0,0,0,1,1,1,0,2,44,0,0
4,,,,,,10,0,6,0,10,8,8,6,5,2,1,0,FurAffinity,4,0,0,0,0,0,0,0,0,0,0,0,0,0,1,42,1,1
,0,0,0,An advanced form of zoophilia.,9,0,0,0,0,0,0,0,0,0,2,0,0,Don't have an account on any of these websites,0,0,0,0,0,0,0,0,0,0,0,3,0,0,0,0,0,0
1,,,,,,8,1,3,2,1,2,4,0,4,2,0,0,e621,0,0,0,0,0,0,1,0,0,0,0,0,0,0,0,21,1,0
,7,0,0,Like furry art,1,10,7,10,5,0,10,3,3,4,1,0,0,e621;Have an account on another furry website not listed here,0,0,0,0,0,1,4,0,1,1,0,1,1,1,1,45,1,1
0,,,,,,0,0,1,0,0,0,0,0,1,1,0,0,Don't have an account on any of these websites,0,0,0,0,0,0,0,0,0,0,0,0,0,0,0,1,0,0
10,,,,,,10,10,5,7,10,10,7,9,10,5,1,0,FurAffinity,3,0,0,0,0,0,0,0,0,0,0,0,1,1,2,59,1,1
3,,,,,,7,1,6,4,3,0,10,4,3,2,0,0,Have an account on another furry website not listed here,1,2,0,0,0,0,4,0,4,0,0,3,0,0,2,31,1,1
,10,0,0,Anything interested in animals being humans,1,7,8,10,6,0,0,9,0,2,7,1,1,FurAffinity;Have an account on another furry website not listed here,2,0,0,0,0,3,4,0,0,0,0,0,1,1,2,40,1,1
9,,,,,,10,8,10,7,6,8,9,8,9,3,1,1,Have an account on another furry website not listed here,0,0,0,0,0,0,1,0,2,0,0,0,1,1,2,58,1,1
6,,,,,,10,3,0,0,10,10,7,5,5,0,1,1,Have an account on another furry website not listed here,1,1,0,0,0,1,1,1,1,0,0,1,0,0,2,40,1,0
,6,5,0,Liking anthropomorphic characters,1,8,4,8,5,9,7,5,7,8,2,1,0,Don't have an account on any of these websites,1,0,0,0,0,1,2,0,0,0,0,0,0,0,1,46,0,1
10,,,,,,10,7,8,4,10,8,6,8,6,2,1,0,FurAffinity,1,0,0,0,0,0,4,0,2,1,0,1,0,1,2,53,1,1
,10,8,0,"Someone with the interest in anthropomorphic animals, and other creatures aswell as the creativity to design and make a personality for your on characters of different species.",1,10,8,5,5,8,10,8,10,10,5,1,1,FurAffinity;Weasyl;e621;Have an account on another furry website not listed here,2,1,0,0,0,3,3,1,4,3,3,15,1,1,2,54,1,1
5,,,,,,10,3,3,4,10,10,2,0,7,2,0,0,FurAffinity;e621,0,0,0,0,0,1,4,0,0,0,1,0,1,0,2,42,1,1
,5,6,1,anthropomorphic characters enthusiast,1,10,3,3,4,10,10,2,0,7,2,0,0,FurAffinity;e621,0,0,0,0,0,1,4,0,0,0,1,0,1,0,2,42,1,1
10,,,,,,10,8,7,8,10,10,10,10,10,5,1,1,FurAffinity;InkBunny;e621,2,1,0,4,0,2,1,0,4,2,2,1,1,1,1,63,1,1
,6,6,0,Don't know,DK,9,7,3,6,6,8,5,3,4,3,1,1,FurAffinity;e621,3,0,0,0,0,1,1,0,0,0,0,0,1,0,1,44,1,1
10,,,,,,10,10,10,10,10,10,10,10,10,0,1,1,FurAffinity;e621,3,0,0,1,0,4,4,1,4,0,4,2,1,1,2,70,1,1
,10,0,10,Don't know,DK,10,10,10,7,0,7,7,7,5,2,1,1,FurAffinity;e621;Have an account on another furry website not listed here,1,0,0,0,0,1,1,0,2,0,0,5,1,1,2,51,1,1
7,,,,,,10,4,9,4,8,9,5,6,10,4,0,0,e621,0,0,0,0,0,4,4,0,3,0,0,0,1,0,1,49,1,1
,5,5,0,Someone with an interest with anthropomorphic animals with human like characteristics.,1,6,4,7,4,5,7,6,4,5,2,0,0,Don't have an account on any of these websites,0,0,0,0,0,3,3,0,0,0,0,1,1,0,0,39,0,1
7,,,,,,9,2,5,5,9,8,5,7,7,5,0,0,Don't have an account on any of these websites,0,0,0,0,0,1,1,1,0,0,0,0,0,0,1,43,0,0
,1,0,0,"To have an anthropomorphic animal OC, or at least be interested in them",6,7,5,5,5,5,5,7,0,8,3,1,1,Don't have an account on any of these websites,1,0,0,0,0,1,4,0,0,0,0,1,0,0,0,39,0,1
9,,,,,,9,5,10,9,10,10,10,9,7,6,1,1,FurAffinity;e621;Have an account on another furry website not listed here,1,0,0,0,0,1,2,2,2,0,1,5,1,0,2,63,1,1
,7,0,0,Sexual fetish,?,10,6,4,7,7,6,10,1,0,0,1,1,FurAffinity;e621,4,0,0,0,0,2,1,0,4,4,0,0,1,0,1,50,1,1
0,,,,,,3,2,8,3,2,2,2,0,2,1,0,0,Don't have an account on any of these websites,0,0,0,0,0,0,0,0,0,0,0,0,0,0,0,22,0,0
,7,5,5,to have a fursona,6,6,10,5,8,7,5,7,9,10,1,1,1,Don't have an account on any of these websites,1,0,0,0,1,0,2,0,3,0,4,7,2,2,2,48,0,1
,0,0,0,Prefer not to answer,NA,5,2,2,2,4,4,1,0,3,2,0,0,Don't have an account on any of these websites,0,0,0,0,0,0,0,0,0,0,0,0,0,0,0,20,0,0
,8,8,0,Prefer not to answer,NA,10,8,8,7,9,9,5,5,7,4,1,1,FurAffinity;InkBunny;e621,4,0,0,4,0,4,3,0,0,0,0,0,1,1,1,56,1,1
6,,,,,,10,3,8,6,10,8,5,6,7,2,1,0,e621,1,0,0,0,0,4,4,0,0,0,0,0,0,0,1,50,1,1
,0,0,0,Weirdo in costume,?,0,0,0,0,0,0,0,0,0,3,0,0,Don't have an account on any of these websites,0,0,0,0,0,0,0,0,0,0,0,0,0,0,0,0,0,0
9,,,,,,10,8,9,9,7,10,9,8,8,4,1,0,FurAffinity;Weasyl;Furry Network,3,1,0,0,1,1,4,0,3,4,0,20,1,1,2,62,1,1
9,,,,,,10,8,9,9,7,10,9,8,8,4,1,0,FurAffinity;Weasyl;Furry Network,3,1,0,0,1,1,4,0,3,4,0,20,1,1,2,62,1,1
3,,,,,,7,2,0,1,7,7,3,1,3,3,0,0,Don't have an account on any of these websites,1,0,0,0,0,0,1,0,0,0,0,2,0,0,0,27,0,0
,3,5,5,Don't know,DK,7,0,2,0,0,0,0,2,6,0,0,0,Don't have an account on any of these websites,0,0,0,0,0,0,2,0,0,0,0,1,0,2,0,9,0,1
8,,,,,,10,5,2,0,3,3,7,6,6,3,1,0,Don't have an account on any of these websites,0,0,0,0,0,2,2,0,4,0,0,3,1,0,2,30,0,1
,10,5,0,To enjoy media of anthropomorphic animals.,1,10,10,7,6,5,10,10,10,7,3,1,1,FurAffinity;e621,2,0,0,0,0,4,4,0,4,0,0,8,1,1,2,58,1,1
9,,,,,,10,8,10,10,10,10,10,10,10,2,1,1,FurAffinity;e621,1,0,0,1,0,4,4,0,0,0,0,1,1,1,2,68,1,1
,7,0,0,Enthusiest of anthropomorphization and personification of animals.,1,10,7,9,4,5,10,9,8,8,3,0,0,FurAffinity;e621,1,0,0,0,0,3,4,0,0,0,0,0,1,1,2,54,1,1
7,,,,,,8,7,7,4,5,7,5,9,4,4,0,0,FurAffinity;e621,1,0,0,0,0,3,3,0,0,0,0,1,0,1,2,43,1,1
,8,0,0,A furry is someone who enjoys anthropomorphic animals. (Not necessarily sexually!),1,8,7,8,3,7,9,2,5,2,3,1,1,FurAffinity;Have an account on another furry website not listed here,4,0,0,0,0,0,1,0,3,3,0,5,1,1,2,44,1,1
7,,,,,,8,5,6,1,6,7,5,4,5,9,1,1,FurAffinity;SoFurry;e621;Have an account on another furry website not listed here,3,0,1,1,0,2,3,0,4,0,3,0,1,1,1,38,1,1
,10,10,8,Prefer not to answer,NA,10,10,10,10,8,10,10,10,8,4,1,1,FurAffinity;e621,4,0,0,0,0,2,4,0,4,3,0,2,2,2,2,68,1,1
10,,,,,,10,9,6,5,10,9,8,10,5,5,0,0,FurAffinity,4,1,1,3,0,3,3,0,0,0,0,2,2,1,2,57,1,1
,10,0,4,"If you say you're a furry, then you are a furry. Being a furry means you appreciate anthropomorphic animals, but appreciating anthropomorphic animals doesnt not inherently make you a furry. Its your decision.","1,5",10,10,10,8,4,10,10,8,8,3,1,1,FurAffinity;e621,2,0,0,0,0,4,4,0,2,1,0,6,1,1,2,62,1,1
7,,,,,,6,9,7,8,5,5,5,6,8,3,0,1,Don't have an account on any of these websites,1,0,0,0,0,1,2,0,1,0,0,1,1,0,2,45,0,1
,8,6,0,to like anthropomorphic animal-like characters,1,9,3,9,4,7,6,4,5,7,3,0,0,Don't have an account on any of these websites,1,0,0,0,0,3,4,0,0,0,0,1,0,0,1,42,0,1
10,,,,,,7,10,2,2,1,9,10,10,9,7,1,1,FurAffinity;Weasyl;SoFurry;InkBunny;Furry Network;e621;Have an account on another furry website not listed here,1,1,1,1,1,1,2,1,1,2,1,20,2,2,2,41,1,1
,9,7,7,Prefer not to answer,NA,10,7,8,9,9,10,5,6,5,1,1,0,Don't have an account on any of these websites,0,0,0,0,0,1,1,0,0,0,0,1,0,1,0,58,0,0
6,,,,,,10,5,7,6,7,10,3,4,8,5,1,0,FurAffinity,4,0,0,0,0,3,4,0,0,0,0,0,0,0,2,48,1,1
,10,10,0,Any interest in anthropomorphic animals of any kind qualifies. I would also say self-identifying as a furry is a requirement.,"1,5",7,5,3,3,3,7,1,5,3,3,1,0,e621,0,0,0,0,0,2,1,0,2,0,0,2,0,0,2,29,1,1
7,,,,,,8,7,9,8,6,7,8,7,8,3,1,1,Don't have an account on any of these websites,1,0,0,0,0,2,3,1,4,0,0,1,1,0,1,53,0,1
,10,9,6,That You like anthropomorphic art style,1,10,9,10,10,8,10,9,9,10,6,1,0,FurAffinity;e621,1,0,0,0,0,1,2,1,1,2,0,0,1,0,0,66,1,1
9,,,,,,10,10,8,10,10,8,7,7,10,0,1,1,Have an account on another furry website not listed here,0,0,0,0,0,0,4,0,0,0,4,0,1,1,1,63,1,1
,8,5,0,having a heightened interest in anthropomorphic animals,1,9,7,7,3,2,8,5,8,8,3,1,0,Don't have an account on any of these websites,0,0,0,0,0,1,4,0,0,0,0,0,1,1,0,41,0,1
8,,,,,,9,6,9,7,9,10,6,6,6,3,1,1,Don't have an account on any of these websites,1,0,0,0,0,0,2,0,0,0,0,2,0,0,2,56,0,1
,10,8,0,To like anthos,1,10,10,8,10,6,9,10,6,5,7,1,1,Have an account on another furry website not listed here,2,0,0,2,0,4,4,4,4,0,4,0,1,1,1,63,1,1
8,,,,,,10,7,5,6,5,9,8,7,9,3,0,0,Don't have an account on any of these websites,1,0,0,0,0,1,3,0,3,0,0,0,0,1,1,50,0,1
,10,7,0,Don't know,DK,10,9,8,9,7,7,7,9,7,2,1,1,e621,1,0,0,0,0,3,4,0,0,0,0,0,1,1,2,57,1,1
9,,,,,,10,10,8,6,2,6,6,3,8,4,1,1,e621,0,0,0,0,0,1,0,0,0,0,0,1,1,1,2,48,1,0
,10,10,10,Don't know,DK,10,10,10,10,10,10,10,10,10,10,1,1,FurAffinity;Weasyl;SoFurry;InkBunny;Furry Network;e621,4,4,4,4,4,4,4,4,4,4,4,20,2,2,2,70,1,1
10,,,,,,10,10,10,10,10,10,10,10,10,10,1,1,Have an account on another furry website not listed here,4,4,4,4,4,4,4,4,4,4,4,2,2,2,2,70,1,1
,9,6,2,"I think it means that you enjoy art, be it sfw or nsfw, of humans with animal characteristics.",1,10,5,10,7,6,7,9,8,8,2,1,0,Don't have an account on any of these websites,0,0,0,0,0,3,4,0,2,1,0,3,1,0,2,54,0,1
1,,,,,,7,0,5,2,7,3,4,3,4,2,0,0,Don't have an account on any of these websites,0,0,0,0,0,4,0,0,0,0,0,0,0,0,0,28,0,1
,10,10,5,To be a furry all you have to do is enjoy anthropomorphic animals,1,10,9,10,3,10,8,7,4,4,5,1,1,FurAffinity;SoFurry;InkBunny;e621;Have an account on another furry website not listed here,1,0,2,0,0,3,2,0,2,2,1,5,1,1,2,57,1,1
9,,,,,,8,6,10,7,6,10,10,7,8,4,0,0,Don't have an account on any of these websites,1,0,0,0,0,1,3,0,0,0,2,5,1,1,1,57,0,1
,8,2,0,Prefer not to answer,NA,10,8,7,3,8,3,1,7,3,3,0,0,FurAffinity;SoFurry,2,0,1,0,0,4,3,0,0,0,0,2,2,2,2,40,1,1
8,,,,,,9,4,8,5,4,6,8,7,4,1,0,0,Don't have an account on any of these websites,0,0,0,0,0,2,3,0,1,0,0,0,0,0,0,44,0,1
,3,1,0,Prefer not to answer,NA,8,6,9,5,7,7,2,0,6,3,0,0,Don't have an account on any of these websites,0,0,0,0,0,0,1,0,0,0,0,0,0,1,1,44,0,0
,10,10,0,Having a furry character to represent oneself with,6,10,7,1,0,9,9,2,5,1,5,1,0,FurAffinity;e621,1,0,0,0,0,1,1,0,0,0,0,5,0,1,2,38,1,0
10,,,,,,10,10,7,6,5,9,6,10,5,3,1,0,FurAffinity,1,0,0,0,0,0,3,1,4,0,0,20,2,1,2,53,1,1
,7,3,0,Don't know,DK,10,10,9,7,5,7,7,4,7,4,1,1,Don't have an account on any of these websites,2,0,0,0,0,1,3,0,4,0,0,2,1,1,2,55,0,1
,7,3,0,Don't know,DK,10,10,9,7,5,7,7,4,7,4,1,1,Don't have an account on any of these websites,2,0,0,0,0,1,3,0,4,0,0,2,1,1,2,55,0,1
,10,10,6,Don't know,DK,10,10,10,10,10,10,10,8,9,4,1,1,FurAffinity,1,0,0,0,0,0,2,2,0,0,0,2,1,1,2,70,1,1
10,,,,,,10,8,7,7,8,10,10,8,7,4,1,1,FurAffinity;e621;Have an account on another furry website not listed here,4,0,0,0,0,2,2,0,4,0,0,20,1,1,2,60,1,1
,5,5,5,I love dressing up in my skin,?,8,10,3,9,10,6,10,6,10,10,1,1,SoFurry;Furry Network;e621;Have an account on another furry website not listed here,1,0,2,1,2,1,1,1,1,1,2,1,1,2,2,56,1,1
8,,,,,,8,5,9,9,5,6,8,3,5,2,0,0,Don't have an account on any of these websites,0,0,0,0,0,0,3,0,0,0,0,0,0,0,2,50,0,1
,10,0,0,Have a fursona and an expensive fursuit.,"3,6",10,10,5,0,10,10,5,7,5,5,1,1,FurAffinity,4,0,0,0,0,2,4,0,0,0,1,3,0,2,2,50,1,1
10,,,,,,10,5,8,6,4,8,7,8,9,2,0,0,Don't have an account on any of these websites,1,0,0,0,0,0,4,0,1,0,0,0,0,0,2,48,0,1
,7,6,0,"I believe having at least a moderate amount of interest in anthromorphic animals and concepts that revolve around them makes you a ""furry"".",1,9,6,8,5,7,5,5,6,3,1,0,0,FurAffinity,2,0,0,0,0,1,2,0,0,0,0,0,1,0,1,45,1,1
,9,9,2,"To be a furry is to like anthropomorphic animals. It can be both SFW and NSWF, but I prefer to consider those exclusively in to NSFW as “yiffers”.",1,10,4,5,10,5,5,10,7,10,2,1,0,Don't have an account on any of these websites,0,0,0,0,0,0,3,1,1,0,2,0,1,0,2,49,0,1
,10,0,0,Being a fan of anthropomorphic animals,1,8,9,2,6,10,10,8,7,5,2,1,1,Don't have an account on any of these websites,1,0,0,0,0,4,1,1,1,0,1,2,1,1,2,53,0,1
5,,,,,,10,8,1,3,2,4,2,4,3,5,1,1,Don't have an account on any of these websites,1,0,0,0,0,1,1,0,0,0,1,0,1,1,1,30,0,0
,7,10,0,Prefer not to answer,NA,5,10,1,0,3,7,6,4,6,4,0,1,Have an account on another furry website not listed here,0,0,0,0,0,1,3,0,0,0,4,5,0,2,2,32,1,1
7,,,,,,7,10,3,0,2,7,3,6,5,2,0,1,Have an account on another furry website not listed here,0,0,0,0,0,1,3,0,0,0,2,5,0,2,2,32,1,1
,5,0,1,Don't know,DK,8,2,7,7,2,1,0,0,5,4,1,1,e621,0,0,0,0,0,0,0,0,0,0,0,2,0,0,0,27,1,0
9,,,,,,10,9,10,5,7,7,10,8,7,2,1,1,FurAffinity;e621;Have an account on another furry website not listed here,2,0,0,0,0,3,3,0,3,0,0,4,1,1,2,58,1,1
,9,3,3,Someone who likes anthropomorphic animals,1,10,9,9,8,5,10,8,7,7,4,1,1,FurAffinity,1,0,0,0,0,0,4,0,2,0,0,1,1,1,2,59,1,1
2,,,,,,5,4,4,3,1,6,5,2,5,4,0,0,Don't have an account on any of these websites,0,0,0,0,0,0,0,0,0,0,0,2,0,0,0,28,0,0
,9,7,0,Don't know,DK,10,8,7,8,8,10,9,8,10,3,1,1,e621,3,0,0,0,0,4,3,0,4,0,0,5,0,0,1,60,1,1
10,,,,,,10,2,6,0,9,9,7,1,5,2,0,0,FurAffinity;e621,2,0,0,1,0,2,2,0,2,0,2,1,0,0,2,43,1,1
,7,0,0,Don't know,DK,10,9,9,5,5,7,6,6,8,3,1,1,Don't have an account on any of these websites,0,0,0,0,0,2,2,0,0,0,0,2,1,1,1,51,0,1
8,,,,,,8,5,7,10,10,10,4,7,5,1,0,0,Don't have an account on any of these websites,0,0,0,0,0,0,2,0,0,0,2,2,1,2,2,54,0,1
,10,8,0,Don't know,DK,10,8,1,0,6,6,5,1,1,4,0,0,Don't have an account on any of these websites,0,0,0,0,0,0,1,0,0,0,0,0,0,1,2,36,0,0
7,,,,,,8,5,7,4,7,6,5,3,2,3,0,0,Don't have an account on any of these websites,2,0,0,0,0,3,1,0,0,3,0,0,1,1,1,42,0,1
,0,0,0,Don't know,DK,5,5,5,5,5,5,5,0,5,5,0,0,Don't have an account on any of these websites,0,0,0,0,0,0,0,0,0,0,0,0,0,0,0,35,0,0
3,,,,,,4,2,5,4,5,2,5,2,4,3,0,0,Don't have an account on any of these websites,1,0,0,2,0,1,4,0,4,0,0,20,1,0,0,27,0,1
0,,,,,,5,5,5,5,4,6,6,0,7,4,0,0,Don't have an account on any of these websites,0,0,0,0,0,0,0,0,0,0,0,5,1,0,1,36,0,0
9,,,,,,8,6,6,6,7,9,8,10,8,3,0,0,FurAffinity;e621,4,0,0,0,0,4,4,0,2,0,1,0,1,0,1,50,1,1
,6,2,1,Don't know,DK,8,6,5,4,5,7,7,6,5,3,1,0,FurAffinity;Have an account on another furry website not listed here,1,0,0,0,0,0,4,0,1,0,0,3,1,0,2,42,1,1
0,,,,,,5,7,5,5,5,8,5,0,8,4,0,0,Don't have an account on any of these websites,0,0,0,0,0,0,0,0,0,0,0,2,0,0,0,40,0,0
9,,,,,,10,10,5,5,10,10,9,10,9,0,0,0,FurAffinity;Weasyl;Have an account on another furry website not listed here,2,1,1,0,1,1,2,0,4,0,2,20,2,2,2,59,1,1
0,,,,,,7,5,7,8,5,7,8,0,9,4,0,0,Don't have an account on any of these websites,0,0,0,0,0,0,0,0,0,0,0,2,1,0,0,47,0,0
,2,0,0,"I think a furry is someone who's just active in the furry community, or enjoys the media/art/other aspects of self-expression related to furries. I don't think describing what a furry *is* is hard, but describing """"furryism"""" is a bit confusing.","1,5",8,5,8,8,5,5,7,1,9,2,0,0,FurAffinity,1,0,0,0,0,0,0,0,0,0,0,0,0,0,0,46,1,0
8,,,,,,9,9,9,7,7,8,9,9,9,2,0,0,e621;Have an account on another furry website not listed here,1,0,0,0,0,4,3,0,1,0,3,1,1,1,2,58,1,1
,0,0,0,Don't know,DK,5,4,4,3,5,5,5,0,5,3,0,0,FurAffinity,0,0,0,0,0,0,0,0,0,0,0,0,0,0,0,31,1,0
,0,0,0,Don't know,DK,7,2,5,5,5,5,5,0,5,3,0,0,Don't have an account on any of these websites,0,0,0,0,0,0,0,0,0,0,0,0,0,0,0,34,0,0
,0,0,0,being attracted to anthropomorphic animals and/or the idea of being one,1,3,6,5,5,2,5,6,0,8,2,0,0,Don't have an account on any of these websites,0,0,0,0,0,0,0,0,0,0,0,0,1,0,0,32,0,0
2,,,,,,5,2,4,2,7,5,6,0,5,0,0,0,Don't have an account on any of these websites,0,0,0,0,0,0,1,1,1,0,1,0,0,0,0,31,0,0
,7,0,0,Just enjoying content with anthro animals,1,8,5,8,4,9,8,7,7,6,4,1,0,FurAffinity;e621;Have an account on another furry website not listed here,0,0,0,0,0,2,3,1,0,0,0,1,1,1,2,49,1,1
0,,,,,,0,0,0,0,0,0,0,0,0,2,0,0,Don't have an account on any of these websites,0,0,0,0,0,0,0,0,0,0,0,0,0,0,0,0,0,0
10,,,,,,10,10,10,10,10,10,10,10,10,0,1,1,FurAffinity;e621,1,0,0,0,0,4,4,0,1,4,1,3,2,1,2,70,1,1
4,,,,,,7,6,9,7,9,7,4,3,7,2,1,0,FurAffinity;e621,2,0,0,2,0,2,2,0,0,0,0,0,1,0,0,49,1,1
,0,0,5,Someone who likes anthropometric animals either dressing up as them or in fan art,1,3,6,0,0,0,0,5,0,5,2,1,1,Don't have an account on any of these websites,0,0,0,0,0,0,0,0,0,0,0,2,0,0,0,14,0,0
8,,,,,,8,6,6,6,5,7,7,4,7,3,1,1,FurAffinity,2,0,0,0,0,0,4,0,3,0,0,7,1,0,2,45,1,1
10,,,,,,10,10,8,8,8,6,10,10,10,3,1,1,Have an account on another furry website not listed here,1,1,1,2,2,1,4,0,4,0,4,2,1,1,2,60,1,1
0,,,,,,4,1,0,1,4,5,1,0,3,1,0,0,Don't have an account on any of these websites,0,0,0,0,0,0,0,0,0,0,0,0,0,0,0,16,0,0
,0,0,0,Don't know,DK,3,0,1,0,2,2,3,0,4,2,0,0,Don't have an account on any of these websites,0,0,0,0,0,0,0,0,0,0,0,0,0,0,0,11,0,0
0,,,,,,5,2,5,3,5,2,5,0,5,1,0,0,Don't have an account on any of these websites,0,0,0,0,0,0,0,0,0,0,0,0,0,0,0,27,0,0
,0,0,0,A member of a subculture surrounding anthropomorphic animals,5,7,0,5,5,5,7,6,0,5,3,1,0,Don't have an account on any of these websites,0,0,0,0,0,0,0,0,0,0,0,2,0,0,0,35,0,0
,1,1,0,"A person that is enthusiastic about anthropomorphic animal figures, generally drawn in a Disney-esque style. They will often have a personalised furry character that acts as an alter ego for them within the furry community, and they make or commission art and/or full costumes of this character. ",1,5,5,5,2,2,8,8,0,5,2,0,0,Don't have an account on any of these websites,0,0,0,0,0,0,0,0,0,0,0,0,1,0,0,35,0,0
,1,0,0,"Attraction to anthropomorphic animals, with more animalistic features than human (Cat girls for instance cross that line) while still definitively retaining visible anthropomorphic features (Across that line would be bestiality)",1,0,0,3,0,3,0,5,0,3,2,0,0,Don't have an account on any of these websites,0,0,0,0,0,0,0,0,0,0,0,3,0,0,0,11,0,0
3,,,,,,6,0,5,0,3,5,4,0,4,2,0,0,Don't have an account on any of these websites,0,0,0,0,0,0,0,0,0,0,0,0,0,0,0,23,0,0
,0,0,0,Prefer not to answer,NA,5,4,4,4,4,4,8,0,8,2,0,0,Don't have an account on any of these websites,0,0,0,0,0,0,0,0,0,0,0,0,0,0,0,33,0,0
,0,0,1,Identifying with and/or getting off on the idea of being an animal,7,4,3,5,5,5,5,4,0,3,1,0,0,Don't have an account on any of these websites,0,0,0,0,0,0,0,0,0,0,0,0,0,0,0,31,0,0
,0,0,0,A person that strongly identifies with an animal to the point of dressing and acting like that animal. Furries are generally stereotyped as social outcasts and sexual deviants.,7,3,1,8,2,1,7,0,0,0,0,0,0,Don't have an account on any of these websites,0,0,0,0,0,0,0,0,0,0,0,0,0,0,0,22,0,0
,7,6,0,A furry is a person who has a strong interest in anthropomorphic animals,1,7,6,10,7,9,9,10,6,10,3,1,0,Don't have an account on any of these websites,0,0,0,0,0,1,1,0,1,0,0,1,1,0,1,58,0,0
,0,0,2,Don't know,DK,0,0,0,0,0,0,0,0,1,1,0,0,Don't have an account on any of these websites,0,0,0,0,0,0,0,0,0,0,0,0,0,0,0,0,0,0
8,,,,,,8,9,9,9,8,10,10,7,8,0,1,1,Don't have an account on any of these websites,0,0,0,0,0,2,4,0,4,0,3,0,1,1,1,63,0,1
,0,0,0,Being sexually attracted to people who dress up as mascots,8,3,1,1,1,1,1,0,0,3,2,0,0,Have an account on another furry website not listed here,0,0,0,0,0,0,0,0,0,0,0,0,0,0,0,8,1,0
0,,,,,,5,1,6,1,0,0,5,0,3,0,0,0,Don't have an account on any of these websites,0,0,0,0,0,0,0,0,0,0,0,0,0,0,0,18,0,0
10,,,,,,10,10,8,5,5,10,7,8,8,2,1,1,FurAffinity,1,0,0,0,0,2,0,0,0,0,0,12,1,1,2,55,1,1
2,,,,,,6,3,1,1,0,5,2,0,3,4,0,0,Don't have an account on any of these websites,0,0,0,0,0,0,1,0,0,0,0,1,0,0,0,18,0,0
8,,,,,,8,9,10,6,8,9,7,8,7,4,1,1,Don't have an account on any of these websites,0,0,0,0,0,0,0,0,0,0,0,2,1,2,1,57,0,0
,0,0,0,Prefer not to answer,NA,5,2,4,2,4,5,5,0,5,4,0,0,Don't have an account on any of these websites,0,0,0,0,0,0,0,0,0,0,0,0,0,0,0,27,0,0
,1,0,0,"Someone who enjoys dressing up as an animal, and consuming fandom surrounding anthropomorphism","1,3",4,3,6,5,6,7,7,1,7,2,0,0,Don't have an account on any of these websites,0,0,0,0,0,0,0,0,0,0,0,3,0,0,0,38,0,0
0,,,,,,0,0,0,0,0,0,0,0,0,0,0,0,Don't have an account on any of these websites,0,0,0,0,0,0,0,0,0,0,0,0,0,0,0,0,0,0
,0,0,0,dressing up in a fursuit,3,5,2,9,1,5,3,1,0,1,2,0,0,Don't have an account on any of these websites,0,0,0,0,0,0,0,0,0,0,0,0,0,0,0,26,0,0
1,,,,,,5,7,0,0,5,8,5,0,3,2,0,0,Don't have an account on any of these websites,0,0,0,0,0,0,0,0,0,0,0,0,0,0,0,30,0,0
1,,,,,,7,5,6,1,0,5,3,0,5,1,0,0,Don't have an account on any of these websites,0,0,0,0,0,0,0,0,0,0,0,1,0,0,0,27,0,0
,0,0,0,"If someone calls themselves a furry and they mean it, then they are!",,9,9,6,9,6,8,9,2,10,3,1,1,Don't have an account on any of these websites,0,0,0,0,0,0,0,0,0,0,0,1,1,0,0,56,0,0
0,,,,,,5,4,3,2,3,3,5,0,3,1,0,0,Don't have an account on any of these websites,0,0,0,0,0,0,0,0,0,0,0,0,0,0,0,25,0,0
0,,,,,,3,1,3,5,2,2,5,0,4,3,0,0,Don't have an account on any of these websites,0,0,0,0,0,0,0,0,0,0,0,1,0,0,0,21,0,0
,1,0,0,Someoen who creates a fictional animal persona that they feel represents them in some way.,6,7,5,5,2,6,0,5,0,3,0,0,0,Don't have an account on any of these websites,0,0,0,0,0,0,0,0,0,0,0,0,0,0,0,30,0,0
,1,1,0,"Someone who like the idea of anthromorphic animals, usually with fur (although this terms might include scalies). They might draw them or wear cosplay of anthromorphic animals. ",1,6,4,6,5,4,4,9,1,9,3,0,0,Don't have an account on any of these websites,1,0,0,0,0,0,1,0,1,0,1,5,0,0,0,38,0,0
,0,0,0,Don't know,DK,5,4,3,0,4,4,5,0,2,0,0,0,Don't have an account on any of these websites,0,0,0,0,0,0,0,0,0,0,0,0,0,0,0,25,0,0
0,,,,,,5,4,3,2,4,5,4,0,4,0,0,0,Don't have an account on any of these websites,0,0,0,0,0,0,0,0,0,0,0,1,0,0,0,27,0,0
0,,,,,,1,1,0,0,0,1,0,0,2,3,0,0,Don't have an account on any of these websites,0,0,0,0,0,0,0,0,0,0,0,0,0,0,0,3,0,0
0,,,,,,1,0,0,0,1,0,1,0,0,3,0,0,Don't have an account on any of these websites,0,0,0,0,0,0,0,0,0,0,0,2,0,0,0,3,0,0
0,,,,,,0,0,0,0,0,0,2,0,1,4,0,0,Don't have an account on any of these websites,0,0,0,0,0,0,0,0,0,0,0,1,0,0,0,2,0,0
0,,,,,,5,3,4,2,3,3,4,0,2,1,0,0,Don't have an account on any of these websites,0,0,0,0,0,0,0,0,0,0,0,0,0,0,0,24,0,0
,0,0,0,"Someone who enjoys role play as an anthropomorphic animal, usually but not always with sexual connotations",4,2,1,2,0,0,0,3,0,1,2,0,0,Don't have an account on any of these websites,0,0,0,0,0,0,0,0,0,0,0,0,0,0,0,8,0,0
,6,5,4,Don't know,DK,10,9,9,9,9,9,9,6,10,5,1,1,FurAffinity;Weasyl;InkBunny;e621;Have an account on another furry website not listed here,2,0,0,2,0,4,3,1,4,4,3,2,1,1,2,64,1,1
,7,0,0,Don't know,DK,8,8,10,6,6,8,8,5,10,3,1,1,Don't have an account on any of these websites,0,0,0,0,0,0,1,0,0,0,0,18,1,1,2,54,0,0
,0,0,0,"someone who identifies as an anthropmorphic animal, or who engages in content (eg art) depicting them",7,8,5,5,2,8,8,5,1,8,0,0,0,Don't have an account on any of these websites,0,0,0,0,0,0,0,0,0,0,0,1,2,0,0,41,0,0
,3,2,0,A person who uses an animal character to represent themself,6,10,9,9,9,8,9,8,0,8,2,0,0,Don't have an account on any of these websites,0,0,0,0,0,0,0,0,0,0,0,0,0,0,1,62,0,0
0,,,,,,2,0,0,0,0,0,0,0,0,2,0,0,Don't have an account on any of these websites,0,0,0,0,0,0,0,0,0,0,0,0,0,0,0,2,0,0
0,,,,,,0,0,0,0,0,0,0,0,0,0,0,0,Don't have an account on any of these websites,0,0,0,0,0,0,0,0,0,0,0,0,0,0,0,0,0,0
0,,,,,,0,2,0,0,0,3,1,0,1,3,0,0,Don't have an account on any of these websites,0,0,0,0,0,0,0,0,0,0,0,0,0,0,0,6,0,0
1,,,,,,5,0,5,5,5,5,6,0,6,3,0,0,Don't have an account on any of these websites,0,0,0,0,0,0,0,0,0,0,0,3,0,0,0,31,0,0
0,,,,,,3,2,5,5,3,3,5,0,4,3,0,0,Don't have an account on any of these websites,0,0,0,0,0,0,0,0,0,0,0,0,0,0,0,26,0,0
0,,,,,,5,8,6,5,4,6,6,0,8,3,0,0,Don't have an account on any of these websites,0,0,0,0,0,0,0,0,3,0,0,1,0,0,0,40,0,1
1,,,,,,10,4,4,4,7,5,4,1,5,3,0,0,Don't have an account on any of these websites,0,0,0,0,0,1,1,0,0,0,0,0,0,0,0,38,0,0
0,,,,,,7,0,0,0,0,0,0,0,3,0,0,0,Don't have an account on any of these websites,0,0,0,0,0,0,0,0,0,0,0,0,0,0,0,7,0,0
1,,,,,,5,0,5,5,3,3,5,0,5,1,0,0,Don't have an account on any of these websites,0,0,0,0,0,0,0,0,0,0,0,0,0,0,0,26,0,0
10,,,,,,10,6,2,2,5,10,7,7,8,4,1,1,FurAffinity;InkBunny;e621,1,0,0,0,0,2,2,0,0,0,0,1,1,0,1,42,1,1
,10,7,6,To engage with a community or the content produced thereof dedicated to anthromorphic depictions of animals.,1,10,9,10,5,10,10,10,10,9,7,1,0,FurAffinity;e621;Have an account on another furry website not listed here,4,0,0,0,0,4,3,0,1,4,1,5,2,0,2,64,1,1
,0,0,0,People who want to dress up as animals and possibly have sex in those costumes.,8,1,0,0,0,0,0,0,0,0,0,0,0,Don't have an account on any of these websites,0,0,0,0,0,0,0,0,0,0,0,0,0,0,0,1,0,0
0,,,,,,2,2,2,2,0,1,5,0,7,2,0,0,Don't have an account on any of these websites,0,0,0,0,0,0,0,0,0,0,0,6,0,0,0,14,0,0
10,,,,,,10,3,5,8,9,9,5,6,7,3,1,1,FurAffinity;Weasyl;InkBunny;Furry Network;e621;Have an account on another furry website not listed here,4,1,0,1,1,2,3,0,0,0,0,5,1,0,2,49,1,1
0,,,,,,5,0,0,0,0,1,5,0,2,0,0,0,Don't have an account on any of these websites,0,0,0,0,0,0,0,0,0,0,0,1,0,0,0,11,0,0
,10,0,0,A furry is simply anybody who has an interest in furry content or identifies as being part of the fandom around furry content.,"1,5",9,10,6,5,7,7,8,10,9,4,1,1,FurAffinity;InkBunny;e621;Have an account on another furry website not listed here,2,0,0,1,0,3,4,0,1,1,0,2,2,2,2,52,1,1
1,,,,,,1,0,3,1,1,1,1,0,1,2,0,0,Don't have an account on any of these websites,0,0,0,0,0,0,0,0,0,0,0,0,0,0,0,8,0,0
0,,,,,,5,2,2,1,1,1,0,0,2,2,0,0,Don't have an account on any of these websites,0,0,0,0,0,0,0,0,0,0,0,0,0,0,0,12,0,0
,0,0,0,Someone with a fursona (anthropomorphic animal version of themselves) and/or who participates in communities of people with fursonas,6,9,4,6,2,1,5,5,0,9,1,0,0,Don't have an account on any of these websites,0,0,0,0,0,0,0,0,0,0,0,0,0,0,0,32,0,0
1,,,,,,3,5,5,5,4,6,5,0,3,1,0,0,Don't have an account on any of these websites,0,0,0,0,0,0,0,0,0,0,0,0,0,0,0,33,0,0
,0,0,0,Prefer not to answer,NA,0,0,0,0,0,0,0,0,0,0,0,0,Don't have an account on any of these websites,0,0,0,0,0,0,0,0,0,0,0,0,0,0,0,0,0,0
,7,5,8,"Unusually interested in depictions of anthropomorphic animals, sexually attracted to such depictions, and/or participating in the self-identified furry fandom","1,5",9,4,4,4,7,5,5,6,6,2,0,0,Don't have an account on any of these websites,0,0,0,0,0,4,2,0,0,0,0,5,0,0,2,38,0,1
,0,0,0,To either think of yourself as a literal animal out to enjoy acting as one.,7,7,2,3,0,7,7,5,0,6,1,0,0,Don't have an account on any of these websites,0,0,0,0,0,0,0,0,0,0,0,1,0,0,0,31,0,0
,1,1,0,"Furry is a person who enjoys media relating antropomorphic animals, often creating ""fursonas"", as their own antropomorphic animal character to participate in things like roleplay.",1,6,4,3,6,0,6,5,0,6,0,1,0,Don't have an account on any of these websites,0,0,0,0,0,0,0,0,0,0,0,0,0,0,0,30,0,0
0,,,,,,4,2,3,3,3,3,2,0,3,2,0,0,Don't have an account on any of these websites,0,0,0,0,0,0,0,0,0,0,0,0,0,0,0,20,0,0
0,,,,,,5,2,1,1,1,1,0,0,2,3,0,0,Don't have an account on any of these websites,0,0,0,0,0,0,0,0,0,0,0,0,0,0,0,11,0,0
1,,,,,,5,4,5,5,6,7,7,0,7,3,0,0,Don't have an account on any of these websites,0,0,0,0,0,0,0,0,0,0,0,0,0,0,0,39,0,0
,0,0,0,Someone that dresses as an animal and believes they are one,"3,7",0,0,5,0,0,0,0,0,3,3,0,0,Don't have an account on any of these websites,0,0,0,0,0,0,0,0,0,0,0,0,0,0,0,5,0,0
0,,,,,,0,0,0,0,0,0,0,0,0,0,0,0,Don't have an account on any of these websites,0,0,0,0,0,0,0,0,0,0,0,0,0,0,0,0,0,0
,0,0,0,Don't know,DK,0,0,1,0,1,0,3,1,2,3,0,0,Don't have an account on any of these websites,0,0,0,0,0,0,0,0,0,0,0,0,0,0,0,5,0,0
,10,6,7,A fan of art and media featuring anthropomorphic animals,1,9,10,10,9,8,8,7,10,10,6,1,1,FurAffinity,1,0,0,0,0,0,4,0,1,0,0,3,1,2,2,61,1,1
,0,0,0,Don't know,DK,0,0,0,0,0,0,0,0,0,3,0,0,Don't have an account on any of these websites,0,0,0,0,0,0,0,0,0,0,0,0,0,0,0,0,0,0
0,,,,,,5,2,3,2,2,3,3,0,4,2,0,0,Don't have an account on any of these websites,0,0,0,0,0,0,0,0,0,0,0,0,0,0,0,20,0,0
,0,0,0,"A person who takes sexual pleasure in pretending to be an animal by wearing fake bodysuits, tails, ears, gloves/shoes meant to look like an animal. They also often have rich fantasies of being an animal (a “fursona”), which usually includes a name, backstory, likes/dislikes, etc. There may also be platonic furries that are more similar to people who “kin,” but tbh I don’t hear much about that. ",8,0,0,2,0,0,0,5,0,3,1,0,0,Don't have an account on any of these websites,0,0,0,0,0,0,0,0,0,0,0,0,0,0,0,7,0,0
0,,,,,,5,5,5,5,4,4,5,0,5,3,0,0,Don't have an account on any of these websites,0,0,0,0,0,0,0,0,0,0,0,0,0,0,0,33,0,0
0,,,,,,0,0,0,0,0,0,0,0,3,3,0,0,Don't have an account on any of these websites,0,0,0,0,0,0,0,0,0,0,0,0,0,0,0,0,0,0
0,,,,,,5,1,5,2,0,4,5,0,3,1,0,0,Don't have an account on any of these websites,0,0,0,0,0,0,0,0,0,0,0,3,0,0,0,22,0,0
0,,,,,,4,3,5,5,3,5,5,0,6,3,0,0,Don't have an account on any of these websites,0,0,0,0,0,0,0,0,0,0,0,0,0,0,0,30,0,0
0,,,,,,5,2,2,2,2,2,3,0,3,2,0,0,Don't have an account on any of these websites,0,0,0,0,0,0,0,0,0,0,0,0,0,0,0,18,0,0
,0,0,0,"You want it to be legal to fuck animals, but you also want animals to be more conveniently shaped. ",9,0,0,0,0,0,2,0,0,0,0,0,0,Don't have an account on any of these websites,0,0,0,0,0,0,0,0,0,0,0,0,0,0,0,2,0,0
0,,,,,,5,5,5,7,2,5,5,0,8,3,1,0,Don't have an account on any of these websites,0,0,0,0,0,0,0,0,0,0,0,0,0,0,0,34,0,0
5,,,,,,9,0,7,3,7,9,3,3,4,1,0,0,Don't have an account on any of these websites,0,0,0,0,0,0,0,0,0,0,0,2,0,0,1,38,0,0
0,,,,,,3,0,0,0,0,0,0,0,2,2,0,0,Don't have an account on any of these websites,0,0,0,0,0,0,0,0,0,0,0,0,0,0,0,3,0,0
,3,1,0,"someone who either has a fursona, commissions/enjoys furry art, or wants a fursuit","3,6",5,2,6,5,3,8,5,1,5,3,0,0,Don't have an account on any of these websites,0,0,0,0,0,0,0,0,0,0,0,1,0,0,0,34,0,0
,2,2,6,"To be sexually attracted by anthropomorphic animals, particularly for their animal characteristics.",8,6,0,5,2,5,5,5,2,5,2,0,0,Don't have an account on any of these websites,0,0,0,0,0,0,0,0,0,0,0,2,0,0,2,28,0,0
,0,0,0,Likes animal characters and dressing up as them,"1,3",5,3,2,4,0,5,6,0,6,2,0,0,Don't have an account on any of these websites,0,0,0,0,0,0,0,0,0,0,0,3,0,0,0,25,0,0
,9,1,0,A furry is someone who is interested in content featuring anthropomorphic characters.,1,8,6,10,7,9,6,4,7,8,1,1,1,Don't have an account on any of these websites,1,0,0,0,0,1,2,0,1,0,0,3,1,1,2,50,0,1
,7,6,5,"Not full blown furry, like I don't have a fursuit or partial, but I have worn animal ears around and I enjoy movies, comics and books with anthro characters. My uncle is a prominent member of the furry community, a lion/panda who is very involved with a variety of cons in North America. I had a bit of a brony phase when I was younger as well, but I never felt that I fit with that community.",?,10,7,5,5,6,7,10,6,7,3,0,1,Don't have an account on any of these websites,0,0,0,0,0,0,0,0,0,0,0,3,1,1,2,50,0,0
0,,,,,,4,2,5,2,3,2,5,0,4,3,0,0,Don't have an account on any of these websites,0,0,0,0,0,0,0,0,0,0,0,0,0,0,0,23,0,0
0,,,,,,5,2,2,2,1,1,3,0,5,1,0,0,Don't have an account on any of these websites,0,0,0,0,0,0,0,0,0,0,0,0,0,0,0,16,0,0
2,,,,,,6,1,0,1,2,7,0,1,1,0,0,0,Don't have an account on any of these websites,0,0,0,0,0,0,0,0,0,0,0,1,0,0,0,17,0,0
,0,0,0,Someone who dresses up in animal costumes for sexual acts,8,5,3,3,2,2,2,2,0,3,3,0,0,Don't have an account on any of these websites,0,0,0,0,0,0,0,0,0,0,0,0,0,0,0,19,0,0
0,,,,,,6,5,5,2,4,5,2,0,5,2,0,0,Don't have an account on any of these websites,0,0,0,0,0,0,0,0,0,0,0,0,0,0,0,29,0,0
,0,0,0,People attracted to Animated Humanoid Animal Porn,8,0,1,5,0,0,0,5,0,2,6,0,0,Don't have an account on any of these websites,0,0,0,0,0,0,0,0,0,0,0,0,0,0,0,11,0,0
2,,,,,,8,3,5,4,4,7,5,0,7,2,0,0,Don't have an account on any of these websites,0,0,0,0,0,0,0,0,0,0,0,0,0,0,0,36,0,0
,0,0,0,Someone who identifies with an animal species and has a desire to dress up and act like that animal,"3,7",4,6,6,3,2,3,9,0,9,1,0,0,Don't have an account on any of these websites,0,0,0,0,0,0,0,0,0,0,0,2,0,0,0,33,0,0
2,,,,,,6,2,5,3,2,6,5,0,6,2,1,0,Don't have an account on any of these websites,0,0,0,0,0,0,0,0,0,0,0,0,0,0,0,29,0,0
2,,,,,,6,2,3,2,0,2,5,0,5,2,0,0,Don't have an account on any of these websites,0,0,0,0,0,0,0,0,0,0,0,0,0,0,0,20,0,0
,0,0,1,People who dress up like furry animals,3,5,3,4,0,0,0,2,0,3,2,0,0,Don't have an account on any of these websites,0,0,0,0,0,0,0,0,0,0,0,0,0,0,0,14,0,0
0,,,,,,7,8,6,5,3,5,5,1,6,5,0,0,Don't have an account on any of these websites,0,0,0,0,0,0,1,0,0,0,0,1,0,0,0,39,0,0
,0,0,0,Liking to dress up in furry costumes,3,5,5,0,0,5,5,8,0,6,3,0,0,Don't have an account on any of these websites,0,0,0,0,0,0,0,0,0,0,0,0,0,0,0,28,0,0
,0,0,0,An excessive fascination or attraction to anthropomorphized animals (often carnivores) with a strong component of escapism and imaginative thinking.,1,1,0,0,0,0,0,0,0,2,2,0,0,Don't have an account on any of these websites,0,0,0,0,0,0,0,0,0,0,0,3,0,0,0,1,0,0
0,,,,,,5,5,5,5,5,5,5,0,3,2,0,0,Don't have an account on any of these websites,0,0,0,0,0,0,0,0,0,0,0,0,0,0,0,35,0,0
,0,0,0,People who dress up as animals and bone,8,0,0,0,0,0,0,0,0,0,3,0,0,Don't have an account on any of these websites,0,0,0,0,0,0,0,0,0,0,0,0,0,0,0,0,0,0
,1,0,0,To be sexually attracted to cartoon animals with human features,8,6,6,9,5,5,7,6,1,9,4,0,0,Don't have an account on any of these websites,0,0,0,0,0,1,1,0,0,0,1,0,0,0,0,44,0,0
,0,0,0,I think furries are people who enjoy pretending to be animals for romance and sex play,4,4,0,0,0,0,0,5,0,5,5,0,0,Don't have an account on any of these websites,0,0,0,0,0,0,0,0,0,0,0,0,0,0,0,9,0,0
10,,,,,,10,0,10,4,4,8,6,6,8,3,1,0,FurAffinity;Furry Network;e621,2,0,0,0,0,2,3,0,0,0,0,0,0,0,1,42,1,1
0,,,,,,0,0,2,0,1,1,2,0,0,2,0,0,Don't have an account on any of these websites,0,0,0,0,0,0,0,0,0,0,0,0,0,0,0,6,0,0
10,,,,,,10,10,10,6,7,7,10,10,8,5,1,1,FurAffinity;e621,2,0,0,0,0,2,2,0,1,4,0,20,2,1,2,60,1,1
0,,,,,,7,3,4,4,4,5,7,0,4,2,0,0,Don't have an account on any of these websites,0,0,0,0,0,0,0,0,0,0,0,0,0,0,0,34,0,0
10,,,,,,10,10,10,6,7,7,10,10,8,5,1,1,FurAffinity;e621,2,0,0,0,0,2,2,0,1,4,0,20,2,1,2,60,1,1
1,,,,,,5,3,2,1,1,1,3,0,3,3,0,0,Don't have an account on any of these websites,0,0,0,0,0,0,0,0,0,0,0,0,0,0,0,16,0,0
0,,,,,,1,0,5,1,0,0,2,0,2,4,0,0,Don't have an account on any of these websites,0,0,0,0,0,0,0,0,0,0,0,1,0,0,0,9,0,0
2,,,,,,7,3,4,5,6,6,5,0,6,3,0,0,Don't have an account on any of these websites,0,0,0,0,0,0,0,0,0,0,0,10,0,0,0,36,0,0
,0,0,0,Don't know,DK,3,1,1,0,0,1,2,1,3,2,0,0,Don't have an account on any of these websites,0,0,0,0,0,0,0,0,0,0,0,0,0,0,0,8,0,0
,0,0,0,"Someone who dresses and occasionally acts like an animal character, often anthropomorphic. This can be for sexual and nonsexual reasons. I believe it’s often enjoyed for its aspects of escapism and community. ","3,4",4,3,7,6,3,3,6,0,5,2,0,0,Don't have an account on any of these websites,0,0,0,0,0,0,0,0,0,0,0,2,0,0,0,32,0,0
,3,0,0,"Being a furry means enjoying the idea of yourself, and/or others, as anthropomorphized animals",4,9,5,8,5,5,5,7,2,8,0,1,1,Don't have an account on any of these websites,0,0,0,0,0,0,0,0,0,0,0,1,0,0,1,44,0,0
,1,0,1,someone who enjoys wearing anthropomorphic animal costumes or roleplaying as an anthropomorphic animal,"3,4",2,1,3,0,1,2,4,0,3,0,0,0,Don't have an account on any of these websites,0,0,0,0,0,0,0,0,0,0,0,0,0,0,0,13,0,0
,0,0,0,Fucking gross degenerate dogfuckers,9,0,0,0,0,0,0,0,0,0,0,0,0,Don't have an account on any of these websites,0,0,0,0,0,0,0,0,0,0,0,0,0,0,0,0,0,0
,0,0,0,"People with social problems that struggle to relate to other human beings, particularly in their own age group, dress up in costumes because they feel more secure hiding their identity and more free to behave in a way they think is fun without being judged. Sometimes they desperately crave interaction/touch and the costume makes kids and adults alike smile and approach them.",3,5,4,5,4,3,4,6,0,5,2,0,0,Don't have an account on any of these websites,0,0,0,0,0,0,0,0,0,0,0,0,0,0,0,31,0,0
,0,0,0,"As I understand it, it involves wearing elaborate plush costumes which are made to resemble various non-human animals. The human wearing the costume has a strong affinity with the depicted animal. There is sometimes a sexual component, though I am a bit unclear about what is involved.",3,6,0,4,1,0,0,5,0,3,0,0,0,Don't have an account on any of these websites,0,0,0,0,0,0,0,0,0,0,0,0,0,0,0,16,0,0
0,,,,,,2,0,2,0,0,0,0,0,0,3,0,0,Don't have an account on any of these websites,0,0,0,0,0,0,0,0,0,0,0,0,0,0,0,4,0,0
,0,0,0,Someone who fetishizes animals,9,0,0,0,0,0,0,0,0,0,2,0,0,Don't have an account on any of these websites,0,0,0,0,0,0,0,0,0,0,0,0,0,0,0,0,0,0
2,,,,,,6,3,8,2,4,6,7,1,7,1,1,1,Don't have an account on any of these websites,0,0,0,0,0,0,0,0,0,0,1,5,0,0,0,36,0,0
0,,,,,,0,4,1,0,0,0,0,0,0,3,0,0,Don't have an account on any of these websites,0,0,0,0,0,0,1,0,1,0,0,2,0,0,0,5,0,0
,0,0,0,"A person that enjoys dressing up as a cartoonish, anthropomorphic animal, and interacting with other furries, sometimes sexually.",3,1,0,1,0,1,0,5,0,5,3,0,0,Have an account on another furry website not listed here,0,0,0,0,0,0,0,0,0,0,0,0,0,0,0,8,1,0
,3,1,0,"you have a fursona and like to think of yourself as an animal, act like one, etc etc","4,6",6,0,2,0,0,6,0,0,3,2,0,0,Don't have an account on any of these websites,0,0,0,0,0,0,0,0,0,0,0,2,0,0,2,14,0,0
,2,0,0,I think its another form of escapism from every day life.,11,8,3,6,1,7,7,7,1,4,2,1,0,Don't have an account on any of these websites,0,0,0,0,0,0,1,0,0,0,0,2,0,0,0,39,0,0
,2,0,3,Someone who's a big fan of anthropomorphic animals to the point of choosing that term for themselves,"1,5",8,7,5,5,4,7,5,1,7,2,0,0,Don't have an account on any of these websites,0,0,0,0,0,0,0,0,0,0,0,0,0,0,1,41,0,0
0,,,,,,4,2,2,2,3,3,0,0,2,0,0,0,Don't have an account on any of these websites,0,0,0,0,0,0,0,0,0,0,0,1,0,0,0,16,0,0
,7,4,1,Finding sexual attraction in anthropomorphized animals or people dressed as animals,8,8,7,10,8,8,9,7,7,8,3,1,0,Don't have an account on any of these websites,2,0,0,1,1,3,4,0,0,0,0,0,1,0,2,57,0,1
10,,,,,,10,10,6,9,6,9,10,10,10,1,0,0,Don't have an account on any of these websites,0,0,0,0,0,0,0,0,0,0,0,0,1,2,2,60,0,0
,8,3,0,"To be a furry is simply to have a fixation with anthro animals. I like the aesthetics of various kinds of beastfolk, including anthropomorphic animals, own a character in the style that I often use to represent myself, and love to see all kinds of elaborate fantasy costumes including fursuits. So I fall under the umbrella.",1,9,10,4,3,6,7,0,7,1,2,1,1,FurAffinity,1,0,0,0,0,1,1,0,0,0,0,0,0,1,2,39,1,0
,0,0,0,Don't know,DK,6,3,0,0,0,0,0,0,2,1,0,0,Don't have an account on any of these websites,0,0,0,0,0,0,0,0,0,0,0,0,0,0,0,9,0,0
2,,,,,,6,7,2,2,2,4,2,1,3,2,0,0,Don't have an account on any of these websites,0,0,0,0,0,0,0,0,0,0,0,0,0,0,0,25,0,0
1,,,,,,6,3,4,3,6,6,5,1,7,3,0,0,Don't have an account on any of these websites,0,0,0,0,0,0,0,0,0,0,0,1,0,0,0,33,0,0
0,,,,,,7,2,5,5,5,5,5,0,3,1,0,0,Don't have an account on any of these websites,0,0,0,0,0,0,0,0,0,0,0,0,0,0,0,34,0,0
,0,0,0,Someone who enjoys wearing an animal costume and taking on another persona.,"3,4",3,2,5,5,2,2,5,0,5,2,0,0,Don't have an account on any of these websites,0,0,0,0,0,0,0,0,0,0,0,1,0,0,0,24,0,0
3,,,,,,6,3,8,4,6,6,3,1,7,0,1,0,Don't have an account on any of these websites,0,0,0,0,0,0,0,0,0,0,0,0,0,0,0,36,0,0
1,,,,,,7,0,1,0,7,8,4,0,4,1,0,0,Don't have an account on any of these websites,0,0,0,0,0,0,0,0,0,0,0,4,0,0,0,27,0,0
,3,3,6,Someone sexually attracted to anthropomorphic animals,8,6,3,6,5,5,6,5,2,7,2,0,0,Don't have an account on any of these websites,1,0,0,0,0,0,0,0,0,0,0,0,0,0,1,36,0,0
0,,,,,,0,0,0,0,0,0,0,0,0,0,0,0,Don't have an account on any of these websites,0,0,0,0,0,0,0,0,0,0,0,0,2,0,0,0,0,0
0,,,,,,5,3,5,5,5,7,5,0,5,2,0,0,Don't have an account on any of these websites,0,0,0,0,0,0,0,0,0,0,0,0,0,0,0,35,0,0
2,,,,,,7,4,3,2,2,5,5,1,7,3,0,0,Don't have an account on any of these websites,0,0,0,0,0,0,0,0,0,0,0,0,0,0,0,28,0,0
0,,,,,,5,0,2,1,1,5,5,3,5,2,1,0,Don't have an account on any of these websites,0,0,0,0,0,0,0,0,0,0,0,1,0,0,0,19,0,0
1,,,,,,3,2,5,3,6,6,6,1,4,2,0,0,Don't have an account on any of these websites,0,0,0,0,0,0,0,0,0,0,0,2,0,0,0,31,0,0
0,,,,,,5,7,5,5,5,5,5,0,5,2,0,0,Don't have an account on any of these websites,0,0,0,0,0,0,0,0,0,0,0,0,0,0,0,37,0,0
,0,0,0,Prefer not to answer,NA,4,1,1,0,0,0,0,0,1,0,0,0,Don't have an account on any of these websites,0,0,0,0,0,0,0,0,0,0,0,0,0,0,0,6,0,0
,1,0,1,Someone that wants to fuck anthro animals but settles for weird humans in sweaty suits instead,8,6,0,7,3,4,2,0,0,0,0,0,0,Don't have an account on any of these websites,0,0,0,0,0,0,0,0,1,0,0,0,0,0,0,22,0,0
,2,0,0,Anthropomorphic animal fan often crossing over into the erotic.,1,6,1,5,4,5,5,4,1,4,3,0,0,Don't have an account on any of these websites,0,0,0,0,0,0,1,0,0,0,0,2,0,0,0,30,0,0
,10,3,1,"I simply just say they are fans of anthropomorphic animals who willingly partake in q community of other fans of anthropomorphic animals, in anyway they choose (That's legal)","1,5",10,9,7,6,6,7,8,9,9,3,1,0,FurAffinity;InkBunny;e621,0,0,0,0,0,3,4,0,0,0,0,2,1,1,2,53,1,1
8,,,,,,9,9,10,8,7,9,10,10,9,2,1,1,FurAffinity,2,0,0,0,0,0,4,0,4,0,0,4,1,1,2,62,1,1
,0,0,0,Someone who dresses up as an animal,3,6,3,4,4,4,4,3,0,4,3,0,0,Don't have an account on any of these websites,0,0,0,0,0,0,0,0,0,0,0,0,0,0,0,28,0,0
8,,,,,,10,6,9,7,10,10,7,10,8,5,1,1,FurAffinity;e621;Have an account on another furry website not listed here,1,0,0,0,0,2,2,0,1,0,1,1,1,1,2,59,1,1
,9,9,4,Don't know,DK,9,6,8,7,8,8,5,4,8,4,1,0,FurAffinity;e621,3,0,0,0,0,3,2,0,0,0,0,1,1,0,1,51,1,1
8,,,,,,10,10,8,5,8,8,4,10,10,5,1,1,FurAffinity;e621,0,0,0,0,0,2,0,0,1,0,0,2,1,1,1,53,1,1
,10,5,0,Don't know,DK,10,8,10,9,10,10,7,10,9,4,1,1,FurAffinity;e621,1,0,0,0,0,4,2,0,1,2,0,1,1,1,2,64,1,1
0,,,,,,3,2,5,4,5,6,1,0,2,0,0,0,Don't have an account on any of these websites,0,0,0,0,0,0,0,0,0,0,0,0,0,0,0,26,0,0
,10,5,0,Someone interested in anthropomorphic animals/characters with animal-like appearance that portray human characteristics (such as intelligence and ability to talk).,1,10,9,6,3,10,10,8,10,8,4,1,0,FurAffinity;SoFurry;InkBunny;Furry Network;e621,4,0,2,1,1,2,3,0,4,4,0,20,2,1,2,56,1,1
0,,,,,,3,0,0,0,0,0,0,0,0,0,0,0,Don't have an account on any of these websites,0,0,0,0,0,0,0,0,0,0,0,0,0,0,0,3,0,0
,8,,,Prefer not to answer,NA,10,10,8,8,3,5,10,6,9,4,1,1,FurAffinity;e621;Have an account on another furry website not listed here,1,0,0,0,0,2,2,0,3,1,0,4,1,1,2,54,1,1
6,,,,,,8,7,9,8,5,5,8,7,9,4,1,0,Don't have an account on any of these websites,0,0,0,0,0,0,1,0,2,0,0,20,1,1,2,50,0,1
